[2025:10:25 12:20:17] info:  PLACE: C:\Users\Youcode\Desktop\Nouveau dossier (3)\CareFlow\Utils\Logger.js
[2025:10:25 12:20:35] error: The difference between the request time and the server's time is too large. PLACE: C:\Users\Youcode\Desktop\Nouveau dossier (3)\CareFlow\Utils\Logger.js
[2025:10:25 12:20:35] info: ::1 - - [25/Oct/2025:10:20:35 +0000] "POST /api/files HTTP/1.1" 500 33 "-" "PostmanRuntime/7.49.0" PLACE: C:\Users\Youcode\Desktop\Nouveau dossier (3)\CareFlow\Utils\Logger.js
[2025:10:25 12:24:03] error: The difference between the request time and the server's time is too large. PLACE: C:\Users\Youcode\Desktop\Nouveau dossier (3)\CareFlow\Utils\Logger.js
[2025:10:25 12:24:03] info: ::1 - - [25/Oct/2025:10:24:03 +0000] "POST /api/files HTTP/1.1" 500 33 "-" "PostmanRuntime/7.49.0" PLACE: C:\Users\Youcode\Desktop\Nouveau dossier (3)\CareFlow\Utils\Logger.js
[2025:10:25 12:24:05] error: The difference between the request time and the server's time is too large. PLACE: C:\Users\Youcode\Desktop\Nouveau dossier (3)\CareFlow\Utils\Logger.js
[2025:10:25 12:24:05] info: ::1 - - [25/Oct/2025:10:24:05 +0000] "POST /api/files HTTP/1.1" 500 33 "-" "PostmanRuntime/7.49.0" PLACE: C:\Users\Youcode\Desktop\Nouveau dossier (3)\CareFlow\Utils\Logger.js
[2025:10:25 11:24:29] info:  PLACE: C:\Users\Youcode\Desktop\Nouveau dossier (3)\CareFlow\Utils\Logger.js
[2025:10:25 11:24:33] error: The difference between the request time and the server's time is too large. PLACE: C:\Users\Youcode\Desktop\Nouveau dossier (3)\CareFlow\Utils\Logger.js
[2025:10:25 11:24:33] info: ::1 - - [25/Oct/2025:10:24:33 +0000] "POST /api/files HTTP/1.1" 500 33 "-" "PostmanRuntime/7.49.0" PLACE: C:\Users\Youcode\Desktop\Nouveau dossier (3)\CareFlow\Utils\Logger.js
[2025:10:25 11:27:40] error: The difference between the request time and the server's time is too large. PLACE: C:\Users\Youcode\Desktop\Nouveau dossier (3)\CareFlow\Utils\Logger.js
[2025:10:25 11:27:40] info: ::1 - - [25/Oct/2025:10:27:40 +0000] "POST /api/files HTTP/1.1" 500 33 "-" "PostmanRuntime/7.49.0" PLACE: C:\Users\Youcode\Desktop\Nouveau dossier (3)\CareFlow\Utils\Logger.js
[2025:10:25 11:32:04] error: The difference between the request time and the server's time is too large. PLACE: C:\Users\Youcode\Desktop\Nouveau dossier (3)\CareFlow\Utils\Logger.js
[2025:10:25 11:32:04] info: ::1 - - [25/Oct/2025:10:32:04 +0000] "POST /api/files HTTP/1.1" 500 33 "-" "PostmanRuntime/7.49.0" PLACE: C:\Users\Youcode\Desktop\Nouveau dossier (3)\CareFlow\Utils\Logger.js
[2025:10:25 11:32:05] error: The difference between the request time and the server's time is too large. PLACE: C:\Users\Youcode\Desktop\Nouveau dossier (3)\CareFlow\Utils\Logger.js
[2025:10:25 11:32:05] info: ::1 - - [25/Oct/2025:10:32:05 +0000] "POST /api/files HTTP/1.1" 500 33 "-" "PostmanRuntime/7.49.0" PLACE: C:\Users\Youcode\Desktop\Nouveau dossier (3)\CareFlow\Utils\Logger.js
[2025:10:25 11:32:28] error: The difference between the request time and the server's time is too large. PLACE: C:\Users\Youcode\Desktop\Nouveau dossier (3)\CareFlow\Utils\Logger.js
[2025:10:25 11:32:28] info: ::1 - - [25/Oct/2025:10:32:28 +0000] "POST /api/files HTTP/1.1" 500 33 "-" "PostmanRuntime/7.49.0" PLACE: C:\Users\Youcode\Desktop\Nouveau dossier (3)\CareFlow\Utils\Logger.js
[2025:10:25 11:32:30] error: The difference between the request time and the server's time is too large. PLACE: C:\Users\Youcode\Desktop\Nouveau dossier (3)\CareFlow\Utils\Logger.js
[2025:10:25 11:32:30] info: ::1 - - [25/Oct/2025:10:32:30 +0000] "POST /api/files HTTP/1.1" 500 33 "-" "PostmanRuntime/7.49.0" PLACE: C:\Users\Youcode\Desktop\Nouveau dossier (3)\CareFlow\Utils\Logger.js
[2025:10:25 11:33:08] error: The difference between the request time and the server's time is too large. PLACE: C:\Users\Youcode\Desktop\Nouveau dossier (3)\CareFlow\Utils\Logger.js
[2025:10:25 11:33:08] info: ::1 - - [25/Oct/2025:10:33:08 +0000] "POST /api/files HTTP/1.1" 500 33 "-" "PostmanRuntime/7.49.0" PLACE: C:\Users\Youcode\Desktop\Nouveau dossier (3)\CareFlow\Utils\Logger.js
[2025:10:25 11:33:09] error: The difference between the request time and the server's time is too large. PLACE: C:\Users\Youcode\Desktop\Nouveau dossier (3)\CareFlow\Utils\Logger.js
[2025:10:25 11:33:09] info: ::1 - - [25/Oct/2025:10:33:09 +0000] "POST /api/files HTTP/1.1" 500 33 "-" "PostmanRuntime/7.49.0" PLACE: C:\Users\Youcode\Desktop\Nouveau dossier (3)\CareFlow\Utils\Logger.js
[2025:10:26 13:42:09] error: The difference between the request time and the server's time is too large. PLACE: C:\Users\Youcode\Desktop\Nouveau dossier (3)\CareFlow\Utils\Logger.js
[2025:10:26 13:42:09] info: ::1 - - [26/Oct/2025:12:42:09 +0000] "POST /api/files HTTP/1.1" 500 33 "-" "PostmanRuntime/7.49.0" PLACE: C:\Users\Youcode\Desktop\Nouveau dossier (3)\CareFlow\Utils\Logger.js
[2025:10:26 13:42:10] error: The difference between the request time and the server's time is too large. PLACE: C:\Users\Youcode\Desktop\Nouveau dossier (3)\CareFlow\Utils\Logger.js
[2025:10:26 13:42:10] info: ::1 - - [26/Oct/2025:12:42:10 +0000] "POST /api/files HTTP/1.1" 500 33 "-" "PostmanRuntime/7.49.0" PLACE: C:\Users\Youcode\Desktop\Nouveau dossier (3)\CareFlow\Utils\Logger.js
[2025:10:26 13:42:12] error: The difference between the request time and the server's time is too large. PLACE: C:\Users\Youcode\Desktop\Nouveau dossier (3)\CareFlow\Utils\Logger.js
[2025:10:26 13:42:12] info: ::1 - - [26/Oct/2025:12:42:12 +0000] "POST /api/files HTTP/1.1" 500 33 "-" "PostmanRuntime/7.49.0" PLACE: C:\Users\Youcode\Desktop\Nouveau dossier (3)\CareFlow\Utils\Logger.js
[2025:10:26 16:04:07] info:  PLACE: C:\Users\Youcode\Desktop\Nouveau dossier (3)\CareFlow\Utils\Logger.js
[2025:10:26 16:24:13] info: w PLACE: C:\Users\Youcode\Desktop\Nouveau dossier (3)\CareFlow\Utils\Logger.js
[2025:10:26 16:24:20] info: work on http PLACE: C:\Users\Youcode\Desktop\Nouveau dossier (3)\CareFlow\Utils\Logger.js
[2025:10:26 16:24:25] info: work on http://lo PLACE: C:\Users\Youcode\Desktop\Nouveau dossier (3)\CareFlow\Utils\Logger.js
[2025:10:26 16:24:31] info: work on http://localhost: PLACE: C:\Users\Youcode\Desktop\Nouveau dossier (3)\CareFlow\Utils\Logger.js
[2025:10:26 16:24:34] info: work on http://localhost:3000 PLACE: C:\Users\Youcode\Desktop\Nouveau dossier (3)\CareFlow\Utils\Logger.js
[2025:10:26 16:24:57] info: work on http://localhost:3000 PLACE: C:\Users\Youcode\Desktop\Nouveau dossier (3)\CareFlow\Utils\Logger.js
[2025:10:26 16:25:06] info: work on http://localhost:3000 PLACE: C:\Users\Youcode\Desktop\Nouveau dossier (3)\CareFlow\Utils\Logger.js
[2025:10:26 16:25:15] info: work on http://localhost:3000 PLACE: C:\Users\Youcode\Desktop\Nouveau dossier (3)\CareFlow\Utils\Logger.js
[2025:10:26 16:25:22] info: work on http://localhost:3000 PLACE: C:\Users\Youcode\Desktop\Nouveau dossier (3)\CareFlow\Utils\Logger.js
[2025:10:26 16:25:25] info: work on http://localhost:3000 PLACE: C:\Users\Youcode\Desktop\Nouveau dossier (3)\CareFlow\Utils\Logger.js
[2025:10:26 16:25:35] info: work on http://localhost:3000 PLACE: C:\Users\Youcode\Desktop\Nouveau dossier (3)\CareFlow\Utils\Logger.js
[2025:10:26 16:25:39] info: work on http://localhost:3000 PLACE: C:\Users\Youcode\Desktop\Nouveau dossier (3)\CareFlow\Utils\Logger.js
[2025:10:26 16:25:45] info: work on http://localhost:3000 PLACE: C:\Users\Youcode\Desktop\Nouveau dossier (3)\CareFlow\Utils\Logger.js
[2025:10:26 16:25:49] info: work on http://localhost:3000 PLACE: C:\Users\Youcode\Desktop\Nouveau dossier (3)\CareFlow\Utils\Logger.js
[2025:10:26 17:03:42] info: work on http://localhost:3000 PLACE: C:\Users\Youcode\Desktop\Nouveau dossier (3)\CareFlow\Utils\Logger.js
[2025:10:26 17:10:33] info: work on http://localhost:3000 PLACE: C:\Users\Youcode\Desktop\Nouveau dossier (3)\CareFlow\Utils\Logger.js
[2025:10:26 17:10:50] info: work on http://localhost:3000 PLACE: C:\Users\Youcode\Desktop\Nouveau dossier (3)\CareFlow\Utils\Logger.js
[2025:10:26 17:10:58] info: work on http://localhost:3000 PLACE: C:\Users\Youcode\Desktop\Nouveau dossier (3)\CareFlow\Utils\Logger.js
[2025:10:26 17:11:05] info: work on http://localhost:3000 PLACE: C:\Users\Youcode\Desktop\Nouveau dossier (3)\CareFlow\Utils\Logger.js
[2025:10:26 17:11:08] info: work on http://localhost:3000 PLACE: C:\Users\Youcode\Desktop\Nouveau dossier (3)\CareFlow\Utils\Logger.js
[2025:10:26 17:11:11] info: work on http://localhost:3000 PLACE: C:\Users\Youcode\Desktop\Nouveau dossier (3)\CareFlow\Utils\Logger.js
[2025:10:26 17:11:14] info: work on http://localhost:3000 PLACE: C:\Users\Youcode\Desktop\Nouveau dossier (3)\CareFlow\Utils\Logger.js
[2025:10:26 17:11:16] info: work on http://localhost:3000 PLACE: C:\Users\Youcode\Desktop\Nouveau dossier (3)\CareFlow\Utils\Logger.js
[2025:10:26 17:11:18] info: work on http://localhost:3000 PLACE: C:\Users\Youcode\Desktop\Nouveau dossier (3)\CareFlow\Utils\Logger.js
[2025:10:26 17:11:24] info: work on http://localhost:3000 PLACE: C:\Users\Youcode\Desktop\Nouveau dossier (3)\CareFlow\Utils\Logger.js
[2025:10:26 17:11:25] info: work on http://localhost:3000 PLACE: C:\Users\Youcode\Desktop\Nouveau dossier (3)\CareFlow\Utils\Logger.js
[2025:10:26 17:11:27] info: work on http://localhost:3000 PLACE: C:\Users\Youcode\Desktop\Nouveau dossier (3)\CareFlow\Utils\Logger.js
[2025:10:26 17:11:32] info: work on http://localhost:3000 PLACE: C:\Users\Youcode\Desktop\Nouveau dossier (3)\CareFlow\Utils\Logger.js
[2025:10:26 17:12:04] info: work on http://localhost:3000 PLACE: C:\Users\Youcode\Desktop\Nouveau dossier (3)\CareFlow\Utils\Logger.js
[2025:10:26 17:12:08] info: work on http://localhost:3000 PLACE: C:\Users\Youcode\Desktop\Nouveau dossier (3)\CareFlow\Utils\Logger.js
[2025:10:26 17:12:24] info: work on http://localhost:3000 PLACE: C:\Users\Youcode\Desktop\Nouveau dossier (3)\CareFlow\Utils\Logger.js
[2025:10:26 17:14:28] info: work on http://localhost:3000 PLACE: C:\Users\Youcode\Desktop\Nouveau dossier (3)\CareFlow\Utils\Logger.js
[2025:10:26 17:14:31] info: work on http://localhost:3000 PLACE: C:\Users\Youcode\Desktop\Nouveau dossier (3)\CareFlow\Utils\Logger.js
[2025:10:26 17:14:35] info: work on http://localhost:3000 PLACE: C:\Users\Youcode\Desktop\Nouveau dossier (3)\CareFlow\Utils\Logger.js
[2025:10:26 17:14:37] info: work on http://localhost:3000 PLACE: C:\Users\Youcode\Desktop\Nouveau dossier (3)\CareFlow\Utils\Logger.js
[2025:10:26 17:14:42] info: work on http://localhost:3000 PLACE: C:\Users\Youcode\Desktop\Nouveau dossier (3)\CareFlow\Utils\Logger.js
[2025:10:26 17:14:45] info: work on http://localhost:3000 PLACE: C:\Users\Youcode\Desktop\Nouveau dossier (3)\CareFlow\Utils\Logger.js
[2025:10:26 17:14:48] info: work on http://localhost:3000 PLACE: C:\Users\Youcode\Desktop\Nouveau dossier (3)\CareFlow\Utils\Logger.js
[2025:10:26 17:14:50] info: work on http://localhost:3000 PLACE: C:\Users\Youcode\Desktop\Nouveau dossier (3)\CareFlow\Utils\Logger.js
[2025:10:26 17:14:55] info: work on http://localhost:3000 PLACE: C:\Users\Youcode\Desktop\Nouveau dossier (3)\CareFlow\Utils\Logger.js
[2025:10:26 17:15:11] info: work on http://localhost:3000 PLACE: C:\Users\Youcode\Desktop\Nouveau dossier (3)\CareFlow\Utils\Logger.js
[2025:10:26 17:15:14] info: work on http://localhost:3000 PLACE: C:\Users\Youcode\Desktop\Nouveau dossier (3)\CareFlow\Utils\Logger.js
[2025:10:26 17:15:19] info: work on http://localhost:3000 PLACE: C:\Users\Youcode\Desktop\Nouveau dossier (3)\CareFlow\Utils\Logger.js
[2025:10:26 17:15:21] info: work on http://localhost:3000 PLACE: C:\Users\Youcode\Desktop\Nouveau dossier (3)\CareFlow\Utils\Logger.js
[2025:10:26 17:15:24] info: work on http://localhost:3000 PLACE: C:\Users\Youcode\Desktop\Nouveau dossier (3)\CareFlow\Utils\Logger.js
[2025:10:26 17:15:26] info: work on http://localhost:3000 PLACE: C:\Users\Youcode\Desktop\Nouveau dossier (3)\CareFlow\Utils\Logger.js
[2025:10:26 17:15:29] info: work on http://localhost:3000 PLACE: C:\Users\Youcode\Desktop\Nouveau dossier (3)\CareFlow\Utils\Logger.js
[2025:10:26 17:15:30] info: work on http://localhost:3000 PLACE: C:\Users\Youcode\Desktop\Nouveau dossier (3)\CareFlow\Utils\Logger.js
[2025:10:26 17:16:45] info: work on http://localhost:3000 PLACE: C:\Users\Youcode\Desktop\Nouveau dossier (3)\CareFlow\Utils\Logger.js
[2025:10:26 17:16:48] info: work on http://localhost:3000 PLACE: C:\Users\Youcode\Desktop\Nouveau dossier (3)\CareFlow\Utils\Logger.js
[2025:10:26 17:16:51] info: work on http://localhost:3000 PLACE: C:\Users\Youcode\Desktop\Nouveau dossier (3)\CareFlow\Utils\Logger.js
[2025:10:26 17:16:53] info: work on http://localhost:3000 PLACE: C:\Users\Youcode\Desktop\Nouveau dossier (3)\CareFlow\Utils\Logger.js
[2025:10:26 17:16:55] info: work on http://localhost:3000 PLACE: C:\Users\Youcode\Desktop\Nouveau dossier (3)\CareFlow\Utils\Logger.js
[2025:10:26 17:16:59] info: work on http://localhost:3000 PLACE: C:\Users\Youcode\Desktop\Nouveau dossier (3)\CareFlow\Utils\Logger.js
[2025:10:26 17:17:08] info: work on http://localhost:3000 PLACE: C:\Users\Youcode\Desktop\Nouveau dossier (3)\CareFlow\Utils\Logger.js
[2025:10:26 17:19:37] info: work on http://localhost:3000 PLACE: C:\Users\Youcode\Desktop\Nouveau dossier (3)\CareFlow\Utils\Logger.js
[2025:10:26 17:19:46] info: work on http://localhost:3000 PLACE: C:\Users\Youcode\Desktop\Nouveau dossier (3)\CareFlow\Utils\Logger.js
[2025:10:26 17:19:48] info: work on http://localhost:3000 PLACE: C:\Users\Youcode\Desktop\Nouveau dossier (3)\CareFlow\Utils\Logger.js
[2025:10:26 17:19:53] info: work on http://localhost:3000 PLACE: C:\Users\Youcode\Desktop\Nouveau dossier (3)\CareFlow\Utils\Logger.js
[2025:10:26 17:20:02] info: work on http://localhost:3000 PLACE: C:\Users\Youcode\Desktop\Nouveau dossier (3)\CareFlow\Utils\Logger.js
[2025:10:26 17:20:05] info: work on http://localhost:3000 PLACE: C:\Users\Youcode\Desktop\Nouveau dossier (3)\CareFlow\Utils\Logger.js
[2025:10:26 17:48:25] info: work on http://localhost:3000 PLACE: C:\Users\Youcode\Desktop\Nouveau dossier (3)\CareFlow\Utils\Logger.js
[2025:10:26 17:48:29] info: work on http://localhost:3000 PLACE: C:\Users\Youcode\Desktop\Nouveau dossier (3)\CareFlow\Utils\Logger.js
[2025:10:26 17:48:33] info: work on http://localhost:3000 PLACE: C:\Users\Youcode\Desktop\Nouveau dossier (3)\CareFlow\Utils\Logger.js
[2025:10:26 17:48:38] info: work on http://localhost:3000 PLACE: C:\Users\Youcode\Desktop\Nouveau dossier (3)\CareFlow\Utils\Logger.js
[2025:10:26 17:48:40] info: work on http://localhost:3000 PLACE: C:\Users\Youcode\Desktop\Nouveau dossier (3)\CareFlow\Utils\Logger.js
[2025:10:26 17:48:45] info: work on http://localhost:3000 PLACE: C:\Users\Youcode\Desktop\Nouveau dossier (3)\CareFlow\Utils\Logger.js
[2025:10:26 17:48:50] info: work on http://localhost:3000 PLACE: C:\Users\Youcode\Desktop\Nouveau dossier (3)\CareFlow\Utils\Logger.js
[2025:10:26 17:49:06] info: work on http://localhost:3000 PLACE: C:\Users\Youcode\Desktop\Nouveau dossier (3)\CareFlow\Utils\Logger.js
[2025:10:26 17:49:09] info: work on http://localhost:3000 PLACE: C:\Users\Youcode\Desktop\Nouveau dossier (3)\CareFlow\Utils\Logger.js
[2025:10:26 17:49:17] info: work on http://localhost:3000 PLACE: C:\Users\Youcode\Desktop\Nouveau dossier (3)\CareFlow\Utils\Logger.js
[2025:10:26 17:49:20] info: work on http://localhost:3000 PLACE: C:\Users\Youcode\Desktop\Nouveau dossier (3)\CareFlow\Utils\Logger.js
[2025:10:26 17:49:22] info: work on http://localhost:3000 PLACE: C:\Users\Youcode\Desktop\Nouveau dossier (3)\CareFlow\Utils\Logger.js
[2025:10:26 17:49:25] info: work on http://localhost:3000 PLACE: C:\Users\Youcode\Desktop\Nouveau dossier (3)\CareFlow\Utils\Logger.js
[2025:10:26 17:49:30] info: work on http://localhost:3000 PLACE: C:\Users\Youcode\Desktop\Nouveau dossier (3)\CareFlow\Utils\Logger.js
[2025:10:26 17:49:33] info: work on http://localhost:3000 PLACE: C:\Users\Youcode\Desktop\Nouveau dossier (3)\CareFlow\Utils\Logger.js
[2025:10:26 17:50:05] info: work on http://localhost:3000 PLACE: C:\Users\Youcode\Desktop\Nouveau dossier (3)\CareFlow\Utils\Logger.js
[2025:10:26 17:50:10] info: work on http://localhost:3000 PLACE: C:\Users\Youcode\Desktop\Nouveau dossier (3)\CareFlow\Utils\Logger.js
[2025:10:26 17:50:13] info: work on http://localhost:3000 PLACE: C:\Users\Youcode\Desktop\Nouveau dossier (3)\CareFlow\Utils\Logger.js
[2025:10:26 17:50:15] info: work on http://localhost:3000 PLACE: C:\Users\Youcode\Desktop\Nouveau dossier (3)\CareFlow\Utils\Logger.js
[2025:10:26 17:50:17] info: work on http://localhost:3000 PLACE: C:\Users\Youcode\Desktop\Nouveau dossier (3)\CareFlow\Utils\Logger.js
[2025:10:26 17:50:23] info: work on http://localhost:3000 PLACE: C:\Users\Youcode\Desktop\Nouveau dossier (3)\CareFlow\Utils\Logger.js
[2025:10:26 17:51:10] info: work on http://localhost:3000 PLACE: C:\Users\Youcode\Desktop\Nouveau dossier (3)\CareFlow\Utils\Logger.js
[2025:10:26 17:51:17] info: work on http://localhost:3000 PLACE: C:\Users\Youcode\Desktop\Nouveau dossier (3)\CareFlow\Utils\Logger.js
[2025:10:26 17:51:21] info: work on http://localhost:3000 PLACE: C:\Users\Youcode\Desktop\Nouveau dossier (3)\CareFlow\Utils\Logger.js
[2025:10:26 17:51:50] info: work on http://localhost:3000 PLACE: C:\Users\Youcode\Desktop\Nouveau dossier (3)\CareFlow\Utils\Logger.js
[2025:10:26 17:51:57] info: work on http://localhost:3000 PLACE: C:\Users\Youcode\Desktop\Nouveau dossier (3)\CareFlow\Utils\Logger.js
[2025:10:26 17:52:01] info: work on http://localhost:3000 PLACE: C:\Users\Youcode\Desktop\Nouveau dossier (3)\CareFlow\Utils\Logger.js
[2025:10:26 17:52:02] info: work on http://localhost:3000 PLACE: C:\Users\Youcode\Desktop\Nouveau dossier (3)\CareFlow\Utils\Logger.js
[2025:10:26 17:52:07] info: work on http://localhost:3000 PLACE: C:\Users\Youcode\Desktop\Nouveau dossier (3)\CareFlow\Utils\Logger.js
[2025:10:26 17:52:11] info: work on http://localhost:3000 PLACE: C:\Users\Youcode\Desktop\Nouveau dossier (3)\CareFlow\Utils\Logger.js
[2025:10:26 17:52:13] info: work on http://localhost:3000 PLACE: C:\Users\Youcode\Desktop\Nouveau dossier (3)\CareFlow\Utils\Logger.js
[2025:10:26 17:52:15] info: work on http://localhost:3000 PLACE: C:\Users\Youcode\Desktop\Nouveau dossier (3)\CareFlow\Utils\Logger.js
[2025:10:26 17:52:17] info: work on http://localhost:3000 PLACE: C:\Users\Youcode\Desktop\Nouveau dossier (3)\CareFlow\Utils\Logger.js
[2025:10:26 17:52:22] info: work on http://localhost:3000 PLACE: C:\Users\Youcode\Desktop\Nouveau dossier (3)\CareFlow\Utils\Logger.js
[2025:10:26 17:52:23] info: work on http://localhost:3000 PLACE: C:\Users\Youcode\Desktop\Nouveau dossier (3)\CareFlow\Utils\Logger.js
[2025:10:26 17:52:27] info: work on http://localhost:3000 PLACE: C:\Users\Youcode\Desktop\Nouveau dossier (3)\CareFlow\Utils\Logger.js
[2025:10:26 17:52:58] info: work on http://localhost:3000 PLACE: C:\Users\Youcode\Desktop\Nouveau dossier (3)\CareFlow\Utils\Logger.js
[2025:10:26 17:53:01] info: work on http://localhost:3000 PLACE: C:\Users\Youcode\Desktop\Nouveau dossier (3)\CareFlow\Utils\Logger.js
[2025:10:26 17:53:03] info: work on http://localhost:3000 PLACE: C:\Users\Youcode\Desktop\Nouveau dossier (3)\CareFlow\Utils\Logger.js
[2025:10:26 17:53:12] info: work on http://localhost:3000 PLACE: C:\Users\Youcode\Desktop\Nouveau dossier (3)\CareFlow\Utils\Logger.js
[2025:10:26 17:53:13] info: work on http://localhost:3000 PLACE: C:\Users\Youcode\Desktop\Nouveau dossier (3)\CareFlow\Utils\Logger.js
[2025:10:26 17:53:19] info: work on http://localhost:3000 PLACE: C:\Users\Youcode\Desktop\Nouveau dossier (3)\CareFlow\Utils\Logger.js
[2025:10:26 17:53:20] info: work on http://localhost:3000 PLACE: C:\Users\Youcode\Desktop\Nouveau dossier (3)\CareFlow\Utils\Logger.js
[2025:10:26 17:53:22] info: work on http://localhost:3000 PLACE: C:\Users\Youcode\Desktop\Nouveau dossier (3)\CareFlow\Utils\Logger.js
[2025:10:26 17:53:33] info: work on http://localhost:3000 PLACE: C:\Users\Youcode\Desktop\Nouveau dossier (3)\CareFlow\Utils\Logger.js
[2025:10:26 17:53:43] info: work on http://localhost:3000 PLACE: C:\Users\Youcode\Desktop\Nouveau dossier (3)\CareFlow\Utils\Logger.js
[2025:10:26 17:53:45] info: work on http://localhost:3000 PLACE: C:\Users\Youcode\Desktop\Nouveau dossier (3)\CareFlow\Utils\Logger.js
[2025:10:26 17:54:39] info: work on http://localhost:3000 PLACE: C:\Users\Youcode\Desktop\Nouveau dossier (3)\CareFlow\Utils\Logger.js
[2025:10:26 17:54:45] info: work on http://localhost:3000 PLACE: C:\Users\Youcode\Desktop\Nouveau dossier (3)\CareFlow\Utils\Logger.js
[2025:10:26 17:54:53] info: work on http://localhost:3000 PLACE: C:\Users\Youcode\Desktop\Nouveau dossier (3)\CareFlow\Utils\Logger.js
[2025:10:26 17:54:58] info: work on http://localhost:3000 PLACE: C:\Users\Youcode\Desktop\Nouveau dossier (3)\CareFlow\Utils\Logger.js
[2025:10:26 17:55:02] info: work on http://localhost:3000 PLACE: C:\Users\Youcode\Desktop\Nouveau dossier (3)\CareFlow\Utils\Logger.js
[2025:10:26 17:55:18] info: work on http://localhost:3000 PLACE: C:\Users\Youcode\Desktop\Nouveau dossier (3)\CareFlow\Utils\Logger.js
[2025:10:26 17:55:20] info: work on http://localhost:3000 PLACE: C:\Users\Youcode\Desktop\Nouveau dossier (3)\CareFlow\Utils\Logger.js
[2025:10:26 17:55:37] info: work on http://localhost:3000 PLACE: C:\Users\Youcode\Desktop\Nouveau dossier (3)\CareFlow\Utils\Logger.js
[2025:10:26 17:55:51] info: work on http://localhost:3000 PLACE: C:\Users\Youcode\Desktop\Nouveau dossier (3)\CareFlow\Utils\Logger.js
[2025:10:26 17:55:54] info: work on http://localhost:3000 PLACE: C:\Users\Youcode\Desktop\Nouveau dossier (3)\CareFlow\Utils\Logger.js
[2025:10:26 18:20:13] info: work on http://localhost:3000 PLACE: C:\Users\Youcode\Desktop\Nouveau dossier (3)\CareFlow\Utils\Logger.js
[2025:10:26 18:20:22] info: work on http://localhost:3000 PLACE: C:\Users\Youcode\Desktop\Nouveau dossier (3)\CareFlow\Utils\Logger.js
[2025:10:26 18:20:26] info: work on http://localhost:3000 PLACE: C:\Users\Youcode\Desktop\Nouveau dossier (3)\CareFlow\Utils\Logger.js
[2025:10:26 18:20:28] info: work on http://localhost:3000 PLACE: C:\Users\Youcode\Desktop\Nouveau dossier (3)\CareFlow\Utils\Logger.js
[2025:10:26 18:20:31] info: work on http://localhost:3000 PLACE: C:\Users\Youcode\Desktop\Nouveau dossier (3)\CareFlow\Utils\Logger.js
[2025:10:26 18:29:23] info: work on http://localhost:3000 PLACE: C:\Users\Youcode\Desktop\Nouveau dossier (3)\CareFlow\Utils\Logger.js
[2025:10:26 18:29:39] info: work on http://localhost:3000 PLACE: C:\Users\Youcode\Desktop\Nouveau dossier (3)\CareFlow\Utils\Logger.js
[2025:10:26 18:29:40] info: work on http://localhost:3000 PLACE: C:\Users\Youcode\Desktop\Nouveau dossier (3)\CareFlow\Utils\Logger.js
[2025:10:26 18:33:46] info: work on http://localhost:3000 PLACE: C:\Users\Youcode\Desktop\Nouveau dossier (3)\CareFlow\Utils\Logger.js
[2025:10:26 19:40:27] info: work on http://localhost:3000 PLACE: C:\Users\Youcode\Desktop\Nouveau dossier (3)\CareFlow\Utils\Logger.js
[2025:10:26 19:57:24] info: work on http://localhost:3000 PLACE: C:\Users\Youcode\Desktop\Nouveau dossier (3)\CareFlow\Utils\Logger.js
[2025:10:26 19:57:41] info: work on http://localhost:3000 PLACE: C:\Users\Youcode\Desktop\Nouveau dossier (3)\CareFlow\Utils\Logger.js
[2025:10:26 19:57:44] info: work on http://localhost:3000 PLACE: C:\Users\Youcode\Desktop\Nouveau dossier (3)\CareFlow\Utils\Logger.js
[2025:10:26 19:57:46] info: work on http://localhost:3000 PLACE: C:\Users\Youcode\Desktop\Nouveau dossier (3)\CareFlow\Utils\Logger.js
[2025:10:26 19:57:48] info: work on http://localhost:3000 PLACE: C:\Users\Youcode\Desktop\Nouveau dossier (3)\CareFlow\Utils\Logger.js
[2025:10:26 19:57:53] info: work on http://localhost:3000 PLACE: C:\Users\Youcode\Desktop\Nouveau dossier (3)\CareFlow\Utils\Logger.js
[2025:10:26 19:57:59] info: work on http://localhost:3000 PLACE: C:\Users\Youcode\Desktop\Nouveau dossier (3)\CareFlow\Utils\Logger.js
[2025:10:26 19:58:05] info: work on http://localhost:3000 PLACE: C:\Users\Youcode\Desktop\Nouveau dossier (3)\CareFlow\Utils\Logger.js
[2025:10:26 19:58:10] info: work on http://localhost:3000 PLACE: C:\Users\Youcode\Desktop\Nouveau dossier (3)\CareFlow\Utils\Logger.js
[2025:10:26 20:00:02] info: work on http://localhost:3000 PLACE: C:\Users\Youcode\Desktop\Nouveau dossier (3)\CareFlow\Utils\Logger.js
[2025:10:26 20:00:04] info: work on http://localhost:3000 PLACE: C:\Users\Youcode\Desktop\Nouveau dossier (3)\CareFlow\Utils\Logger.js
[2025:10:26 20:00:09] info: work on http://localhost:3000 PLACE: C:\Users\Youcode\Desktop\Nouveau dossier (3)\CareFlow\Utils\Logger.js
[2025:10:26 20:00:19] info: work on http://localhost:3000 PLACE: C:\Users\Youcode\Desktop\Nouveau dossier (3)\CareFlow\Utils\Logger.js
[2025:10:26 20:00:25] info: work on http://localhost:3000 PLACE: C:\Users\Youcode\Desktop\Nouveau dossier (3)\CareFlow\Utils\Logger.js
[2025:10:26 20:00:35] info: work on http://localhost:3000 PLACE: C:\Users\Youcode\Desktop\Nouveau dossier (3)\CareFlow\Utils\Logger.js
[2025:10:26 20:00:38] info: work on http://localhost:3000 PLACE: C:\Users\Youcode\Desktop\Nouveau dossier (3)\CareFlow\Utils\Logger.js
[2025:10:26 20:00:47] info: work on http://localhost:3000 PLACE: C:\Users\Youcode\Desktop\Nouveau dossier (3)\CareFlow\Utils\Logger.js
[2025:10:26 20:00:53] info: work on http://localhost:3000 PLACE: C:\Users\Youcode\Desktop\Nouveau dossier (3)\CareFlow\Utils\Logger.js
[2025:10:26 20:00:56] info: work on http://localhost:3000 PLACE: C:\Users\Youcode\Desktop\Nouveau dossier (3)\CareFlow\Utils\Logger.js
[2025:10:26 20:01:06] info: work on http://localhost:3000 PLACE: C:\Users\Youcode\Desktop\Nouveau dossier (3)\CareFlow\Utils\Logger.js
[2025:10:26 20:01:12] info: work on http://localhost:3000 PLACE: C:\Users\Youcode\Desktop\Nouveau dossier (3)\CareFlow\Utils\Logger.js
[2025:10:26 20:01:19] info: work on http://localhost:3000 PLACE: C:\Users\Youcode\Desktop\Nouveau dossier (3)\CareFlow\Utils\Logger.js
[2025:10:26 20:01:28] info: work on http://localhost:3000 PLACE: C:\Users\Youcode\Desktop\Nouveau dossier (3)\CareFlow\Utils\Logger.js
[2025:10:26 20:01:33] info: work on http://localhost:3000 PLACE: C:\Users\Youcode\Desktop\Nouveau dossier (3)\CareFlow\Utils\Logger.js
[2025:10:26 20:01:41] info: work on http://localhost:3000 PLACE: C:\Users\Youcode\Desktop\Nouveau dossier (3)\CareFlow\Utils\Logger.js
[2025:10:26 20:01:54] info: work on http://localhost:3000 PLACE: C:\Users\Youcode\Desktop\Nouveau dossier (3)\CareFlow\Utils\Logger.js
[2025:10:26 20:02:12] info: work on http://localhost:3000 PLACE: C:\Users\Youcode\Desktop\Nouveau dossier (3)\CareFlow\Utils\Logger.js
[2025:10:26 20:02:17] info: work on http://localhost:3000 PLACE: C:\Users\Youcode\Desktop\Nouveau dossier (3)\CareFlow\Utils\Logger.js
[2025:10:26 20:02:27] info: work on http://localhost:3000 PLACE: C:\Users\Youcode\Desktop\Nouveau dossier (3)\CareFlow\Utils\Logger.js
[2025:10:26 20:02:33] info: work on http://localhost:3000 PLACE: C:\Users\Youcode\Desktop\Nouveau dossier (3)\CareFlow\Utils\Logger.js
[2025:10:26 20:02:41] info: work on http://localhost:3000 PLACE: C:\Users\Youcode\Desktop\Nouveau dossier (3)\CareFlow\Utils\Logger.js
[2025:10:26 20:02:48] info: work on http://localhost:3000 PLACE: C:\Users\Youcode\Desktop\Nouveau dossier (3)\CareFlow\Utils\Logger.js
[2025:10:26 20:02:51] info: work on http://localhost:3000 PLACE: C:\Users\Youcode\Desktop\Nouveau dossier (3)\CareFlow\Utils\Logger.js
[2025:10:26 20:03:13] info: work on http://localhost:3000 PLACE: C:\Users\Youcode\Desktop\Nouveau dossier (3)\CareFlow\Utils\Logger.js
[2025:10:26 20:03:20] info: work on http://localhost:3000 PLACE: C:\Users\Youcode\Desktop\Nouveau dossier (3)\CareFlow\Utils\Logger.js
[2025:10:26 20:06:59] info: work on http://localhost:3000 PLACE: C:\Users\Youcode\Desktop\Nouveau dossier (3)\CareFlow\Utils\Logger.js
[2025:10:26 20:07:48] info: work on http://localhost:3000 PLACE: C:\Users\Youcode\Desktop\Nouveau dossier (3)\CareFlow\Utils\Logger.js
[2025:10:26 20:08:55] info: work on http://localhost:3000 PLACE: C:\Users\Youcode\Desktop\Nouveau dossier (3)\CareFlow\Utils\Logger.js
[2025:10:26 20:09:00] info: work on http://localhost:3000 PLACE: C:\Users\Youcode\Desktop\Nouveau dossier (3)\CareFlow\Utils\Logger.js
[2025:10:26 20:10:11] info: work on http://localhost:3000 PLACE: C:\Users\Youcode\Desktop\Nouveau dossier (3)\CareFlow\Utils\Logger.js
[2025:10:26 20:10:14] info: work on http://localhost:3000 PLACE: C:\Users\Youcode\Desktop\Nouveau dossier (3)\CareFlow\Utils\Logger.js
[2025:10:26 20:10:28] info: work on http://localhost:3000 PLACE: C:\Users\Youcode\Desktop\Nouveau dossier (3)\CareFlow\Utils\Logger.js
[2025:10:26 20:13:36] info: work on http://localhost:3000 PLACE: C:\Users\Youcode\Desktop\Nouveau dossier (3)\CareFlow\Utils\Logger.js
[2025:10:26 20:13:40] info: work on http://localhost:3000 PLACE: C:\Users\Youcode\Desktop\Nouveau dossier (3)\CareFlow\Utils\Logger.js
[2025:10:26 20:14:01] info: work on http://localhost:3000 PLACE: C:\Users\Youcode\Desktop\Nouveau dossier (3)\CareFlow\Utils\Logger.js
[2025:10:26 20:14:09] info: work on http://localhost:3000 PLACE: C:\Users\Youcode\Desktop\Nouveau dossier (3)\CareFlow\Utils\Logger.js
[2025:10:26 20:14:15] info: work on http://localhost:3000 PLACE: C:\Users\Youcode\Desktop\Nouveau dossier (3)\CareFlow\Utils\Logger.js
[2025:10:26 20:14:19] info: work on http://localhost:3000 PLACE: C:\Users\Youcode\Desktop\Nouveau dossier (3)\CareFlow\Utils\Logger.js
[2025:10:26 20:14:26] info: work on http://localhost:3000 PLACE: C:\Users\Youcode\Desktop\Nouveau dossier (3)\CareFlow\Utils\Logger.js
[2025:10:26 20:14:31] info: work on http://localhost:3000 PLACE: C:\Users\Youcode\Desktop\Nouveau dossier (3)\CareFlow\Utils\Logger.js
[2025:10:26 20:14:33] info: work on http://localhost:3000 PLACE: C:\Users\Youcode\Desktop\Nouveau dossier (3)\CareFlow\Utils\Logger.js
[2025:10:26 20:19:13] info: work on http://localhost:3000 PLACE: C:\Users\Youcode\Desktop\Nouveau dossier (3)\CareFlow\Utils\Logger.js
[2025:10:26 20:19:16] info: work on http://localhost:3000 PLACE: C:\Users\Youcode\Desktop\Nouveau dossier (3)\CareFlow\Utils\Logger.js
[2025:10:26 20:19:24] info: work on http://localhost:3000 PLACE: C:\Users\Youcode\Desktop\Nouveau dossier (3)\CareFlow\Utils\Logger.js
[2025:10:26 20:23:28] info: work on http://localhost:3000 PLACE: C:\Users\Youcode\Desktop\Nouveau dossier (3)\CareFlow\Utils\Logger.js
[2025:10:26 20:24:11] info: work on http://localhost:3000 PLACE: C:\Users\Youcode\Desktop\Nouveau dossier (3)\CareFlow\Utils\Logger.js
[2025:10:26 20:24:16] info: work on http://localhost:3000 PLACE: C:\Users\Youcode\Desktop\Nouveau dossier (3)\CareFlow\Utils\Logger.js
[2025:10:26 20:24:28] info: work on http://localhost:3000 PLACE: C:\Users\Youcode\Desktop\Nouveau dossier (3)\CareFlow\Utils\Logger.js
[2025:10:26 20:24:45] info: work on http://localhost:3000 PLACE: C:\Users\Youcode\Desktop\Nouveau dossier (3)\CareFlow\Utils\Logger.js
[2025:10:26 21:36:22] info: work on http://localhost:3000 PLACE: C:\Users\Youcode\Desktop\Nouveau dossier (3)\CareFlow\Utils\Logger.js
[2025:10:26 21:36:28] info: ::1 - - [26/Oct/2025:20:36:28 +0000] "POST /api/prescriptions HTTP/1.1" 400 81 "-" "PostmanRuntime/7.49.0" PLACE: C:\Users\Youcode\Desktop\Nouveau dossier (3)\CareFlow\Utils\Logger.js
[2025:10:26 21:39:49] info: work on http://localhost:3000 PLACE: C:\Users\Youcode\Desktop\Nouveau dossier (3)\CareFlow\Utils\Logger.js
[2025:10:26 21:39:55] info: work on http://localhost:3000 PLACE: C:\Users\Youcode\Desktop\Nouveau dossier (3)\CareFlow\Utils\Logger.js
[2025:10:26 21:40:13] info: ::1 - - [26/Oct/2025:20:40:13 +0000] "POST /api/prescriptions HTTP/1.1" 400 81 "-" "PostmanRuntime/7.49.0" PLACE: C:\Users\Youcode\Desktop\Nouveau dossier (3)\CareFlow\Utils\Logger.js
[2025:10:26 21:40:15] info: ::1 - - [26/Oct/2025:20:40:15 +0000] "POST /api/prescriptions HTTP/1.1" 400 81 "-" "PostmanRuntime/7.49.0" PLACE: C:\Users\Youcode\Desktop\Nouveau dossier (3)\CareFlow\Utils\Logger.js
[2025:10:26 21:40:16] info: ::1 - - [26/Oct/2025:20:40:16 +0000] "POST /api/prescriptions HTTP/1.1" 400 81 "-" "PostmanRuntime/7.49.0" PLACE: C:\Users\Youcode\Desktop\Nouveau dossier (3)\CareFlow\Utils\Logger.js
[2025:10:26 21:40:17] info: ::1 - - [26/Oct/2025:20:40:17 +0000] "POST /api/prescriptions HTTP/1.1" 400 81 "-" "PostmanRuntime/7.49.0" PLACE: C:\Users\Youcode\Desktop\Nouveau dossier (3)\CareFlow\Utils\Logger.js
[2025:10:26 21:40:27] info: work on http://localhost:3000 PLACE: C:\Users\Youcode\Desktop\Nouveau dossier (3)\CareFlow\Utils\Logger.js
[2025:10:26 21:40:28] info: New prescription created by doctor 68f69d88468f0346b3bc8d08 PLACE: C:\Users\Youcode\Desktop\Nouveau dossier (3)\CareFlow\Utils\Logger.js
[2025:10:26 21:40:28] info: ::1 - - [26/Oct/2025:20:40:28 +0000] "POST /api/prescriptions HTTP/1.1" 201 634 "-" "PostmanRuntime/7.49.0" PLACE: C:\Users\Youcode\Desktop\Nouveau dossier (3)\CareFlow\Utils\Logger.js
[2025:10:26 21:40:38] info: work on http://localhost:3000 PLACE: C:\Users\Youcode\Desktop\Nouveau dossier (3)\CareFlow\Utils\Logger.js
[2025:10:26 21:40:43] info: work on http://localhost:3000 PLACE: C:\Users\Youcode\Desktop\Nouveau dossier (3)\CareFlow\Utils\Logger.js
[2025:10:26 21:40:48] info: work on http://localhost:3000 PLACE: C:\Users\Youcode\Desktop\Nouveau dossier (3)\CareFlow\Utils\Logger.js
[2025:10:26 21:40:55] info: work on http://localhost:3000 PLACE: C:\Users\Youcode\Desktop\Nouveau dossier (3)\CareFlow\Utils\Logger.js
[2025:10:26 21:53:56] info: work on http://localhost:3000 PLACE: C:\Users\Youcode\Desktop\Nouveau dossier (3)\CareFlow\Utils\Logger.js
[2025:10:26 21:57:28] info: ::1 - - [26/Oct/2025:20:57:28 +0000] "POST /api/prescriptions/68fe873ce77e0dd60f40109a HTTP/1.1" 404 182 "-" "PostmanRuntime/7.49.0" PLACE: C:\Users\Youcode\Desktop\Nouveau dossier (3)\CareFlow\Utils\Logger.js
[2025:10:26 21:57:35] error: Error getting prescription: Schema hasn't been registered for model "Tritments".
Use mongoose.model(name, schema) PLACE: C:\Users\Youcode\Desktop\Nouveau dossier (3)\CareFlow\Utils\Logger.js
[2025:10:26 21:58:46] info: work on http://localhost:3000 PLACE: C:\Users\Youcode\Desktop\Nouveau dossier (3)\CareFlow\Utils\Logger.js
[2025:10:26 21:59:14] info: work on http://localhost:3000 PLACE: C:\Users\Youcode\Desktop\Nouveau dossier (3)\CareFlow\Utils\Logger.js
[2025:10:26 22:01:31] info: work on http://localhost:3000 PLACE: C:\Users\Youcode\Desktop\Nouveau dossier (3)\CareFlow\Utils\Logger.js
[2025:10:26 22:02:09] info: work on http://localhost:3000 PLACE: C:\Users\Youcode\Desktop\Nouveau dossier (3)\CareFlow\Utils\Logger.js
[2025:10:26 22:35:05] info: ::1 - - [26/Oct/2025:21:35:05 +0000] "POST /api/register HTTP/1.1" 404 152 "-" "PostmanRuntime/7.49.0" PLACE: C:\Users\Youcode\Desktop\Nouveau dossier (3)\CareFlow\Utils\Logger.js
[2025:10:26 22:35:18] info: ::1 - - [26/Oct/2025:21:35:18 +0000] "POST /api/users/register HTTP/1.1" 200 43 "-" "PostmanRuntime/7.49.0" PLACE: C:\Users\Youcode\Desktop\Nouveau dossier (3)\CareFlow\Utils\Logger.js
[2025:10:26 22:36:08] info: ::1 - - [26/Oct/2025:21:36:08 +0000] "POST /api/users/register HTTP/1.1" 200 43 "-" "PostmanRuntime/7.49.0" PLACE: C:\Users\Youcode\Desktop\Nouveau dossier (3)\CareFlow\Utils\Logger.js
[2025:10:26 22:36:55] info: ::1 - - [26/Oct/2025:21:36:55 +0000] "POST /api/users/register HTTP/1.1" 200 43 "-" "PostmanRuntime/7.49.0" PLACE: C:\Users\Youcode\Desktop\Nouveau dossier (3)\CareFlow\Utils\Logger.js
[2025:10:26 22:38:59] info: ::1 - - [26/Oct/2025:21:38:59 +0000] "POST /api/users/register HTTP/1.1" 200 43 "-" "PostmanRuntime/7.49.0" PLACE: C:\Users\Youcode\Desktop\Nouveau dossier (3)\CareFlow\Utils\Logger.js
[2025:10:26 22:39:23] info: ::1 - - [26/Oct/2025:21:39:23 +0000] "POST /api/users/register HTTP/1.1" 200 43 "-" "PostmanRuntime/7.49.0" PLACE: C:\Users\Youcode\Desktop\Nouveau dossier (3)\CareFlow\Utils\Logger.js
[2025:10:26 22:39:39] info: ::1 - - [26/Oct/2025:21:39:39 +0000] "POST /api/users/register HTTP/1.1" 200 43 "-" "PostmanRuntime/7.49.0" PLACE: C:\Users\Youcode\Desktop\Nouveau dossier (3)\CareFlow\Utils\Logger.js
[2025:11:01 08:54:01] info: work on http://localhost:3000 PLACE: C:\Users\Youcode\Desktop\Nouveau dossier (3)\CareFlow\Utils\Logger.js
[2025:11:01 08:55:36] info: work on http://localhost:3000 PLACE: C:\Users\Youcode\Desktop\Nouveau dossier (3)\CareFlow\Utils\Logger.js
[2025:11:01 08:55:41] info: work on http://localhost:3000 PLACE: C:\Users\Youcode\Desktop\Nouveau dossier (3)\CareFlow\Utils\Logger.js
[2025:11:01 08:58:33] info: work on http://localhost:3000 PLACE: C:\Users\Youcode\Desktop\Nouveau dossier (3)\CareFlow\Utils\Logger.js
[2025:11:01 08:58:46] info: work on http://localhost:3000 PLACE: C:\Users\Youcode\Desktop\Nouveau dossier (3)\CareFlow\Utils\Logger.js
[2025:11:01 08:58:48] info: work on http://localhost:3000 PLACE: C:\Users\Youcode\Desktop\Nouveau dossier (3)\CareFlow\Utils\Logger.js
[2025:11:01 09:04:20] info: work on http://localhost:3000 PLACE: C:\Users\Youcode\Desktop\Nouveau dossier (3)\CareFlow\Utils\Logger.js
[2025:11:01 09:08:19] info: ::1 - - [01/Nov/2025:08:08:19 +0000] "POST /api/users/register HTTP/1.1" 200 43 "-" "PostmanRuntime/7.49.0" PLACE: C:\Users\Youcode\Desktop\Nouveau dossier (3)\CareFlow\Utils\Logger.js
[2025:11:01 09:08:42] info: ::1 - - [01/Nov/2025:08:08:42 +0000] "POST /api/users/register HTTP/1.1" 200 127 "-" "PostmanRuntime/7.49.0" PLACE: C:\Users\Youcode\Desktop\Nouveau dossier (3)\CareFlow\Utils\Logger.js
[2025:11:01 09:09:05] info: ::1 - - [01/Nov/2025:08:09:05 +0000] "POST /api/users/register HTTP/1.1" 200 43 "-" "PostmanRuntime/7.49.0" PLACE: C:\Users\Youcode\Desktop\Nouveau dossier (3)\CareFlow\Utils\Logger.js
[2025:11:01 09:11:40] info: work on http://localhost:3000 PLACE: C:\Users\Youcode\Desktop\Nouveau dossier (3)\CareFlow\Utils\Logger.js
[2025:11:01 09:14:00] info: work on http://localhost:3000 PLACE: C:\Users\Youcode\Desktop\Nouveau dossier (3)\CareFlow\Utils\Logger.js
[2025:11:01 09:15:57] info: work on http://localhost:3000 PLACE: C:\Users\Youcode\Desktop\Nouveau dossier (3)\CareFlow\Utils\Logger.js
[2025:11:01 09:16:19] info: work on http://localhost:3000 PLACE: C:\Users\Youcode\Desktop\Nouveau dossier (3)\CareFlow\Utils\Logger.js
[2025:11:01 09:16:59] info: work on http://localhost:3000 PLACE: C:\Users\Youcode\Desktop\Nouveau dossier (3)\CareFlow\Utils\Logger.js
[2025:11:01 09:17:02] info: work on http://localhost:3000 PLACE: C:\Users\Youcode\Desktop\Nouveau dossier (3)\CareFlow\Utils\Logger.js
[2025:11:01 09:17:28] info: work on http://localhost:3000 PLACE: C:\Users\Youcode\Desktop\Nouveau dossier (3)\CareFlow\Utils\Logger.js
[2025:11:01 09:17:33] info: work on http://localhost:3000 PLACE: C:\Users\Youcode\Desktop\Nouveau dossier (3)\CareFlow\Utils\Logger.js
[2025:11:01 09:18:06] info: work on http://localhost:3000 PLACE: C:\Users\Youcode\Desktop\Nouveau dossier (3)\CareFlow\Utils\Logger.js
[2025:11:01 09:18:23] info: work on http://localhost:3000 PLACE: C:\Users\Youcode\Desktop\Nouveau dossier (3)\CareFlow\Utils\Logger.js
[2025:11:01 09:18:46] info: work on http://localhost:3000 PLACE: C:\Users\Youcode\Desktop\Nouveau dossier (3)\CareFlow\Utils\Logger.js
[2025:11:01 09:18:52] info: work on http://localhost:3000 PLACE: C:\Users\Youcode\Desktop\Nouveau dossier (3)\CareFlow\Utils\Logger.js
[2025:11:01 09:19:01] info: work on http://localhost:3000 PLACE: C:\Users\Youcode\Desktop\Nouveau dossier (3)\CareFlow\Utils\Logger.js
[2025:11:01 09:19:05] info: work on http://localhost:3000 PLACE: C:\Users\Youcode\Desktop\Nouveau dossier (3)\CareFlow\Utils\Logger.js
[2025:11:01 09:19:19] info: work on http://localhost:3000 PLACE: C:\Users\Youcode\Desktop\Nouveau dossier (3)\CareFlow\Utils\Logger.js
[2025:11:01 09:19:23] info: work on http://localhost:3000 PLACE: C:\Users\Youcode\Desktop\Nouveau dossier (3)\CareFlow\Utils\Logger.js
[2025:11:01 09:19:30] info: work on http://localhost:3000 PLACE: C:\Users\Youcode\Desktop\Nouveau dossier (3)\CareFlow\Utils\Logger.js
[2025:11:01 09:19:45] info: work on http://localhost:3000 PLACE: C:\Users\Youcode\Desktop\Nouveau dossier (3)\CareFlow\Utils\Logger.js
[2025:11:01 09:19:53] info: work on http://localhost:3000 PLACE: C:\Users\Youcode\Desktop\Nouveau dossier (3)\CareFlow\Utils\Logger.js
[2025:11:01 09:19:59] info: work on http://localhost:3000 PLACE: C:\Users\Youcode\Desktop\Nouveau dossier (3)\CareFlow\Utils\Logger.js
[2025:11:01 09:20:05] info: work on http://localhost:3000 PLACE: C:\Users\Youcode\Desktop\Nouveau dossier (3)\CareFlow\Utils\Logger.js
[2025:11:01 09:20:26] info: work on http://localhost:3000 PLACE: C:\Users\Youcode\Desktop\Nouveau dossier (3)\CareFlow\Utils\Logger.js
[2025:11:01 09:20:31] info: work on http://localhost:3000 PLACE: C:\Users\Youcode\Desktop\Nouveau dossier (3)\CareFlow\Utils\Logger.js
[2025:11:01 09:20:36] info: work on http://localhost:3000 PLACE: C:\Users\Youcode\Desktop\Nouveau dossier (3)\CareFlow\Utils\Logger.js
[2025:11:01 09:21:34] info: work on http://localhost:3000 PLACE: C:\Users\Youcode\Desktop\Nouveau dossier (3)\CareFlow\Utils\Logger.js
[2025:11:01 09:21:55] info: work on http://localhost:3000 PLACE: C:\Users\Youcode\Desktop\Nouveau dossier (3)\CareFlow\Utils\Logger.js
[2025:11:01 09:22:02] info: work on http://localhost:3000 PLACE: C:\Users\Youcode\Desktop\Nouveau dossier (3)\CareFlow\Utils\Logger.js
[2025:11:01 09:22:09] info: work on http://localhost:3000 PLACE: C:\Users\Youcode\Desktop\Nouveau dossier (3)\CareFlow\Utils\Logger.js
[2025:11:01 09:22:21] info: work on http://localhost:3000 PLACE: C:\Users\Youcode\Desktop\Nouveau dossier (3)\CareFlow\Utils\Logger.js
[2025:11:01 09:22:26] info: work on http://localhost:3000 PLACE: C:\Users\Youcode\Desktop\Nouveau dossier (3)\CareFlow\Utils\Logger.js
[2025:11:01 09:22:31] info: work on http://localhost:3000 PLACE: C:\Users\Youcode\Desktop\Nouveau dossier (3)\CareFlow\Utils\Logger.js
[2025:11:01 09:22:34] info: work on http://localhost:3000 PLACE: C:\Users\Youcode\Desktop\Nouveau dossier (3)\CareFlow\Utils\Logger.js
[2025:11:01 09:22:55] info: work on http://localhost:3000 PLACE: C:\Users\Youcode\Desktop\Nouveau dossier (3)\CareFlow\Utils\Logger.js
[2025:11:01 09:22:58] info: work on http://localhost:3000 PLACE: C:\Users\Youcode\Desktop\Nouveau dossier (3)\CareFlow\Utils\Logger.js
[2025:11:01 09:23:05] info: work on http://localhost:3000 PLACE: C:\Users\Youcode\Desktop\Nouveau dossier (3)\CareFlow\Utils\Logger.js
[2025:11:01 09:23:21] info: ::1 - - [01/Nov/2025:08:23:21 +0000] "POST /api/users/register HTTP/1.1" 200 53 "-" "PostmanRuntime/7.49.0" PLACE: C:\Users\Youcode\Desktop\Nouveau dossier (3)\CareFlow\Utils\Logger.js
[2025:11:01 09:23:32] info: ::1 - - [01/Nov/2025:08:23:32 +0000] "POST /api/users/register HTTP/1.1" 200 53 "-" "PostmanRuntime/7.49.0" PLACE: C:\Users\Youcode\Desktop\Nouveau dossier (3)\CareFlow\Utils\Logger.js
[2025:11:01 09:26:07] info: work on http://localhost:3000 PLACE: C:\Users\Youcode\Desktop\Nouveau dossier (3)\CareFlow\Utils\Logger.js
[2025:11:01 09:26:52] info: ::1 - - [01/Nov/2025:08:26:52 +0000] "POST /api/users/login HTTP/1.1" 200 325 "-" "PostmanRuntime/7.49.0" PLACE: C:\Users\Youcode\Desktop\Nouveau dossier (3)\CareFlow\Utils\Logger.js
[2025:11:01 09:29:48] info: ::1 - - [01/Nov/2025:08:29:48 +0000] "POST /api/users/refresh HTTP/1.1" 200 282 "-" "PostmanRuntime/7.49.0" PLACE: C:\Users\Youcode\Desktop\Nouveau dossier (3)\CareFlow\Utils\Logger.js
[2025:11:01 09:46:06] info: work on http://localhost:3000 PLACE: C:\Users\Youcode\Desktop\Nouveau dossier (3)\CareFlow\Utils\Logger.js
[2025:11:01 09:46:28] info: work on http://localhost:3000 PLACE: C:\Users\Youcode\Desktop\Nouveau dossier (3)\CareFlow\Utils\Logger.js
[2025:11:01 09:46:33] info: work on http://localhost:3000 PLACE: C:\Users\Youcode\Desktop\Nouveau dossier (3)\CareFlow\Utils\Logger.js
[2025:11:01 10:03:08] info: ::1 - - [01/Nov/2025:09:03:08 +0000] "POST /api/users/refresh HTTP/1.1" 200 36 "-" "PostmanRuntime/7.49.0" PLACE: C:\Users\Youcode\Desktop\Nouveau dossier (3)\CareFlow\Utils\Logger.js
[2025:11:01 10:03:18] info: ::1 - - [01/Nov/2025:09:03:18 +0000] "PUT /api/users/68f62b26fdc8d5ea2ed59a78 HTTP/1.1" 200 184 "-" "PostmanRuntime/7.49.0" PLACE: C:\Users\Youcode\Desktop\Nouveau dossier (3)\CareFlow\Utils\Logger.js
[2025:11:01 10:03:46] info: ::1 - - [01/Nov/2025:09:03:46 +0000] "PUT /api/users/68f62b26fdc8d5ea2ed59a78 HTTP/1.1" 200 33 "-" "PostmanRuntime/7.49.0" PLACE: C:\Users\Youcode\Desktop\Nouveau dossier (3)\CareFlow\Utils\Logger.js
[2025:11:01 10:03:58] info: ::1 - - [01/Nov/2025:09:03:58 +0000] "PUT /api/users/68f62b26fdc8d5ea2ed59a78 HTTP/1.1" 200 33 "-" "PostmanRuntime/7.49.0" PLACE: C:\Users\Youcode\Desktop\Nouveau dossier (3)\CareFlow\Utils\Logger.js
[2025:11:01 10:09:46] info: work on http://localhost:3000 PLACE: C:\Users\Youcode\Desktop\Nouveau dossier (3)\CareFlow\Utils\Logger.js
[2025:11:01 10:10:45] info: work on http://localhost:3000 PLACE: C:\Users\Youcode\Desktop\Nouveau dossier (3)\CareFlow\Utils\Logger.js
[2025:11:01 10:10:54] info: work on http://localhost:3000 PLACE: C:\Users\Youcode\Desktop\Nouveau dossier (3)\CareFlow\Utils\Logger.js
[2025:11:01 10:11:03] info: work on http://localhost:3000 PLACE: C:\Users\Youcode\Desktop\Nouveau dossier (3)\CareFlow\Utils\Logger.js
[2025:11:01 10:11:15] info: work on http://localhost:3000 PLACE: C:\Users\Youcode\Desktop\Nouveau dossier (3)\CareFlow\Utils\Logger.js
[2025:11:01 10:12:31] info: work on http://localhost:3000 PLACE: C:\Users\Youcode\Desktop\Nouveau dossier (3)\CareFlow\Utils\Logger.js
[2025:11:01 10:12:37] info: work on http://localhost:3000 PLACE: C:\Users\Youcode\Desktop\Nouveau dossier (3)\CareFlow\Utils\Logger.js
[2025:11:01 10:12:48] info: work on http://localhost:3000 PLACE: C:\Users\Youcode\Desktop\Nouveau dossier (3)\CareFlow\Utils\Logger.js
[2025:11:01 10:12:56] info: work on http://localhost:3000 PLACE: C:\Users\Youcode\Desktop\Nouveau dossier (3)\CareFlow\Utils\Logger.js
[2025:11:01 10:13:05] info: work on http://localhost:3000 PLACE: C:\Users\Youcode\Desktop\Nouveau dossier (3)\CareFlow\Utils\Logger.js
[2025:11:01 10:13:20] info: work on http://localhost:3000 PLACE: C:\Users\Youcode\Desktop\Nouveau dossier (3)\CareFlow\Utils\Logger.js
[2025:11:01 10:13:32] info: work on http://localhost:3000 PLACE: C:\Users\Youcode\Desktop\Nouveau dossier (3)\CareFlow\Utils\Logger.js
[2025:11:01 10:13:34] info: work on http://localhost:3000 PLACE: C:\Users\Youcode\Desktop\Nouveau dossier (3)\CareFlow\Utils\Logger.js
[2025:11:01 10:13:43] info: work on http://localhost:3000 PLACE: C:\Users\Youcode\Desktop\Nouveau dossier (3)\CareFlow\Utils\Logger.js
[2025:11:01 10:14:00] info: work on http://localhost:3000 PLACE: C:\Users\Youcode\Desktop\Nouveau dossier (3)\CareFlow\Utils\Logger.js
[2025:11:01 10:14:07] info: work on http://localhost:3000 PLACE: C:\Users\Youcode\Desktop\Nouveau dossier (3)\CareFlow\Utils\Logger.js
[2025:11:01 10:14:09] info: work on http://localhost:3000 PLACE: C:\Users\Youcode\Desktop\Nouveau dossier (3)\CareFlow\Utils\Logger.js
[2025:11:01 10:14:35] info: work on http://localhost:3000 PLACE: C:\Users\Youcode\Desktop\Nouveau dossier (3)\CareFlow\Utils\Logger.js
[2025:11:01 10:14:37] info: work on http://localhost:3000 PLACE: C:\Users\Youcode\Desktop\Nouveau dossier (3)\CareFlow\Utils\Logger.js
[2025:11:01 10:14:40] info: work on http://localhost:3000 PLACE: C:\Users\Youcode\Desktop\Nouveau dossier (3)\CareFlow\Utils\Logger.js
[2025:11:01 10:14:45] info: work on http://localhost:3000 PLACE: C:\Users\Youcode\Desktop\Nouveau dossier (3)\CareFlow\Utils\Logger.js
[2025:11:01 10:14:50] info: work on http://localhost:3000 PLACE: C:\Users\Youcode\Desktop\Nouveau dossier (3)\CareFlow\Utils\Logger.js
[2025:11:01 10:14:52] info: work on http://localhost:3000 PLACE: C:\Users\Youcode\Desktop\Nouveau dossier (3)\CareFlow\Utils\Logger.js
[2025:11:01 10:14:55] info: work on http://localhost:3000 PLACE: C:\Users\Youcode\Desktop\Nouveau dossier (3)\CareFlow\Utils\Logger.js
[2025:11:01 10:15:30] info: work on http://localhost:3000 PLACE: C:\Users\Youcode\Desktop\Nouveau dossier (3)\CareFlow\Utils\Logger.js
[2025:11:01 10:15:47] info: work on http://localhost:3000 PLACE: C:\Users\Youcode\Desktop\Nouveau dossier (3)\CareFlow\Utils\Logger.js
[2025:11:01 10:15:50] info: work on http://localhost:3000 PLACE: C:\Users\Youcode\Desktop\Nouveau dossier (3)\CareFlow\Utils\Logger.js
[2025:11:01 10:15:57] info: ::1 - - [01/Nov/2025:09:15:57 +0000] "PUT /api/users/68f62b26fdc8d5ea2ed59a78 HTTP/1.1" 200 66 "-" "PostmanRuntime/7.49.0" PLACE: C:\Users\Youcode\Desktop\Nouveau dossier (3)\CareFlow\Utils\Logger.js
[2025:11:01 10:16:41] info: work on http://localhost:3000 PLACE: C:\Users\Youcode\Desktop\Nouveau dossier (3)\CareFlow\Utils\Logger.js
[2025:11:01 10:20:03] info: work on http://localhost:3000 PLACE: C:\Users\Youcode\Desktop\Nouveau dossier (3)\CareFlow\Utils\Logger.js
[2025:11:01 10:20:07] info: work on http://localhost:3000 PLACE: C:\Users\Youcode\Desktop\Nouveau dossier (3)\CareFlow\Utils\Logger.js
[2025:11:01 10:20:15] info: ::1 - - [01/Nov/2025:09:20:15 +0000] "PUT /api/users/68f62b26fdc8d5ea2ed59a78 HTTP/1.1" 200 31 "-" "PostmanRuntime/7.49.0" PLACE: C:\Users\Youcode\Desktop\Nouveau dossier (3)\CareFlow\Utils\Logger.js
[2025:11:01 10:20:36] info: work on http://localhost:3000 PLACE: C:\Users\Youcode\Desktop\Nouveau dossier (3)\CareFlow\Utils\Logger.js
[2025:11:01 10:20:37] info: ::1 - - [01/Nov/2025:09:20:37 +0000] "PUT /api/users/68f62b26fdc8d5ea2ed59a78 HTTP/1.1" 200 38 "-" "PostmanRuntime/7.49.0" PLACE: C:\Users\Youcode\Desktop\Nouveau dossier (3)\CareFlow\Utils\Logger.js
[2025:11:01 10:35:52] info: work on http://localhost:3000 PLACE: C:\Users\Youcode\Desktop\Nouveau dossier (3)\CareFlow\Utils\Logger.js
[2025:11:01 10:35:55] info: work on http://localhost:3000 PLACE: C:\Users\Youcode\Desktop\Nouveau dossier (3)\CareFlow\Utils\Logger.js
[2025:11:01 10:35:59] info: work on http://localhost:3000 PLACE: C:\Users\Youcode\Desktop\Nouveau dossier (3)\CareFlow\Utils\Logger.js
[2025:11:01 10:36:01] info: work on http://localhost:3000 PLACE: C:\Users\Youcode\Desktop\Nouveau dossier (3)\CareFlow\Utils\Logger.js
[2025:11:01 10:36:13] info: work on http://localhost:3000 PLACE: C:\Users\Youcode\Desktop\Nouveau dossier (3)\CareFlow\Utils\Logger.js
[2025:11:01 10:36:16] info: work on http://localhost:3000 PLACE: C:\Users\Youcode\Desktop\Nouveau dossier (3)\CareFlow\Utils\Logger.js
[2025:11:01 10:36:28] info: work on http://localhost:3000 PLACE: C:\Users\Youcode\Desktop\Nouveau dossier (3)\CareFlow\Utils\Logger.js
[2025:11:01 10:36:31] info: work on http://localhost:3000 PLACE: C:\Users\Youcode\Desktop\Nouveau dossier (3)\CareFlow\Utils\Logger.js
[2025:11:01 10:36:43] info: work on http://localhost:3000 PLACE: C:\Users\Youcode\Desktop\Nouveau dossier (3)\CareFlow\Utils\Logger.js
[2025:11:01 10:36:45] info: work on http://localhost:3000 PLACE: C:\Users\Youcode\Desktop\Nouveau dossier (3)\CareFlow\Utils\Logger.js
[2025:11:01 10:37:00] info: work on http://localhost:3000 PLACE: C:\Users\Youcode\Desktop\Nouveau dossier (3)\CareFlow\Utils\Logger.js
[2025:11:01 10:37:19] info: work on http://localhost:3000 PLACE: C:\Users\Youcode\Desktop\Nouveau dossier (3)\CareFlow\Utils\Logger.js
[2025:11:01 10:37:44] info: work on http://localhost:3000 PLACE: C:\Users\Youcode\Desktop\Nouveau dossier (3)\CareFlow\Utils\Logger.js
[2025:11:01 10:37:50] info: work on http://localhost:3000 PLACE: C:\Users\Youcode\Desktop\Nouveau dossier (3)\CareFlow\Utils\Logger.js
[2025:11:01 10:42:34] info: work on http://localhost:3000 PLACE: C:\Users\Youcode\Desktop\Nouveau dossier (3)\CareFlow\Utils\Logger.js
[2025:11:01 11:03:43] info: work on http://localhost:3000 PLACE: C:\Users\Youcode\Desktop\Nouveau dossier (3)\CareFlow\Utils\Logger.js
[2025:11:01 11:08:40] info: work on http://localhost:3000 PLACE: C:\Users\Youcode\Desktop\Nouveau dossier (3)\CareFlow\Utils\Logger.js
[2025:11:01 11:08:43] info: work on http://localhost:3000 PLACE: C:\Users\Youcode\Desktop\Nouveau dossier (3)\CareFlow\Utils\Logger.js
[2025:11:01 11:09:43] info: work on http://localhost:3000 PLACE: C:\Users\Youcode\Desktop\Nouveau dossier (3)\CareFlow\Utils\Logger.js
[2025:11:01 11:11:39] info: ::1 - - [01/Nov/2025:10:11:39 +0000] "PUT /api/rendezvous/68f1e6efd8a84500c3c55d7a/enCoure HTTP/1.1" - - "-" "PostmanRuntime/7.49.0" PLACE: C:\Users\Youcode\Desktop\Nouveau dossier (3)\CareFlow\Utils\Logger.js
[2025:11:01 11:11:52] info: ::1 - - [01/Nov/2025:10:11:52 +0000] "PUT /api/rendezvous/68f1e6efd8a84500c3c55d7a/enCoure HTTP/1.1" - - "-" "PostmanRuntime/7.49.0" PLACE: C:\Users\Youcode\Desktop\Nouveau dossier (3)\CareFlow\Utils\Logger.js
[2025:11:01 11:12:35] info: work on http://localhost:3000 PLACE: C:\Users\Youcode\Desktop\Nouveau dossier (3)\CareFlow\Utils\Logger.js
[2025:11:01 11:16:36] info: ::1 - - [01/Nov/2025:10:16:36 +0000] "PUT /api/rendezvous/68f1e6efd8a84500c3c55d7a/enCoure HTTP/1.1" - - "-" "PostmanRuntime/7.49.0" PLACE: C:\Users\Youcode\Desktop\Nouveau dossier (3)\CareFlow\Utils\Logger.js
[2025:11:01 11:17:27] info: work on http://localhost:3000 PLACE: C:\Users\Youcode\Desktop\Nouveau dossier (3)\CareFlow\Utils\Logger.js
[2025:11:01 11:17:31] info: work on http://localhost:3000 PLACE: C:\Users\Youcode\Desktop\Nouveau dossier (3)\CareFlow\Utils\Logger.js
[2025:11:01 11:19:33] info: work on http://localhost:3000 PLACE: C:\Users\Youcode\Desktop\Nouveau dossier (3)\CareFlow\Utils\Logger.js
[2025:11:01 11:19:46] info: work on http://localhost:3000 PLACE: C:\Users\Youcode\Desktop\Nouveau dossier (3)\CareFlow\Utils\Logger.js
[2025:11:01 11:21:24] info: work on http://localhost:3000 PLACE: C:\Users\Youcode\Desktop\Nouveau dossier (3)\CareFlow\Utils\Logger.js
[2025:11:01 11:21:26] info: work on http://localhost:3000 PLACE: C:\Users\Youcode\Desktop\Nouveau dossier (3)\CareFlow\Utils\Logger.js
[2025:11:01 11:22:25] info: work on http://localhost:3000 PLACE: C:\Users\Youcode\Desktop\Nouveau dossier (3)\CareFlow\Utils\Logger.js
[2025:11:01 11:22:27] info: work on http://localhost:3000 PLACE: C:\Users\Youcode\Desktop\Nouveau dossier (3)\CareFlow\Utils\Logger.js
[2025:11:01 11:22:33] info: work on http://localhost:3000 PLACE: C:\Users\Youcode\Desktop\Nouveau dossier (3)\CareFlow\Utils\Logger.js
[2025:11:01 11:22:34] info: work on http://localhost:3000 PLACE: C:\Users\Youcode\Desktop\Nouveau dossier (3)\CareFlow\Utils\Logger.js
[2025:11:01 11:23:04] info: work on http://localhost:3000 PLACE: C:\Users\Youcode\Desktop\Nouveau dossier (3)\CareFlow\Utils\Logger.js
[2025:11:01 11:23:07] info: work on http://localhost:3000 PLACE: C:\Users\Youcode\Desktop\Nouveau dossier (3)\CareFlow\Utils\Logger.js
[2025:11:01 11:23:09] info: work on http://localhost:3000 PLACE: C:\Users\Youcode\Desktop\Nouveau dossier (3)\CareFlow\Utils\Logger.js
[2025:11:01 11:23:44] info: work on http://localhost:3000 PLACE: C:\Users\Youcode\Desktop\Nouveau dossier (3)\CareFlow\Utils\Logger.js
[2025:11:01 11:23:48] info: ::1 - - [01/Nov/2025:10:23:48 +0000] "PUT /api/rendezvous/68f1e6efd8a84500c3c55d7a/enCoure HTTP/1.1" 200 58 "-" "PostmanRuntime/7.49.0" PLACE: C:\Users\Youcode\Desktop\Nouveau dossier (3)\CareFlow\Utils\Logger.js
[2025:11:01 11:24:01] info: work on http://localhost:3000 PLACE: C:\Users\Youcode\Desktop\Nouveau dossier (3)\CareFlow\Utils\Logger.js
[2025:11:01 11:24:10] info: ::1 - - [01/Nov/2025:10:24:10 +0000] "PUT /api/rendezvous/68f1e6efd8a84500c3c55d7a/enCoure HTTP/1.1" 200 32 "-" "PostmanRuntime/7.49.0" PLACE: C:\Users\Youcode\Desktop\Nouveau dossier (3)\CareFlow\Utils\Logger.js
[2025:11:01 11:24:14] info: ::1 - - [01/Nov/2025:10:24:14 +0000] "PUT /api/rendezvous/68f1e6efd8a84500c3c55d7a/enCoure HTTP/1.1" 200 32 "-" "PostmanRuntime/7.49.0" PLACE: C:\Users\Youcode\Desktop\Nouveau dossier (3)\CareFlow\Utils\Logger.js
[2025:11:01 11:24:15] info: ::1 - - [01/Nov/2025:10:24:15 +0000] "PUT /api/rendezvous/68f1e6efd8a84500c3c55d7a/enCoure HTTP/1.1" 200 32 "-" "PostmanRuntime/7.49.0" PLACE: C:\Users\Youcode\Desktop\Nouveau dossier (3)\CareFlow\Utils\Logger.js
[2025:11:01 11:24:16] info: ::1 - - [01/Nov/2025:10:24:16 +0000] "PUT /api/rendezvous/68f1e6efd8a84500c3c55d7a/enCoure HTTP/1.1" 200 32 "-" "PostmanRuntime/7.49.0" PLACE: C:\Users\Youcode\Desktop\Nouveau dossier (3)\CareFlow\Utils\Logger.js
[2025:11:01 11:25:43] info: work on http://localhost:3000 PLACE: C:\Users\Youcode\Desktop\Nouveau dossier (3)\CareFlow\Utils\Logger.js
[2025:11:01 11:25:46] info: ::1 - - [01/Nov/2025:10:25:46 +0000] "PUT /api/rendezvous/68f1e6efd8a84500c3c55d7a/enCoure HTTP/1.1" 200 32 "-" "PostmanRuntime/7.49.0" PLACE: C:\Users\Youcode\Desktop\Nouveau dossier (3)\CareFlow\Utils\Logger.js
[2025:11:01 11:26:17] info: ::1 - - [01/Nov/2025:10:26:17 +0000] "PUT /api/rendezvous/68ef92ca9f7c3d942bcebea5/enCoure HTTP/1.1" 200 32 "-" "PostmanRuntime/7.49.0" PLACE: C:\Users\Youcode\Desktop\Nouveau dossier (3)\CareFlow\Utils\Logger.js
[2025:11:01 11:26:18] info: ::1 - - [01/Nov/2025:10:26:18 +0000] "PUT /api/rendezvous/68ef92ca9f7c3d942bcebea5/enCoure HTTP/1.1" 200 32 "-" "PostmanRuntime/7.49.0" PLACE: C:\Users\Youcode\Desktop\Nouveau dossier (3)\CareFlow\Utils\Logger.js
[2025:11:01 11:28:01] info: work on http://localhost:3000 PLACE: C:\Users\Youcode\Desktop\Nouveau dossier (3)\CareFlow\Utils\Logger.js
[2025:11:01 11:28:07] info: ::1 - - [01/Nov/2025:10:28:07 +0000] "PUT /api/rendezvous/68ef92ca9f7c3d942bcebea5/enCoure HTTP/1.1" 200 32 "-" "PostmanRuntime/7.49.0" PLACE: C:\Users\Youcode\Desktop\Nouveau dossier (3)\CareFlow\Utils\Logger.js
[2025:11:01 11:28:08] info: ::1 - - [01/Nov/2025:10:28:08 +0000] "PUT /api/rendezvous/68ef92ca9f7c3d942bcebea5/enCoure HTTP/1.1" 200 32 "-" "PostmanRuntime/7.49.0" PLACE: C:\Users\Youcode\Desktop\Nouveau dossier (3)\CareFlow\Utils\Logger.js
[2025:11:01 11:28:28] info: work on http://localhost:3000 PLACE: C:\Users\Youcode\Desktop\Nouveau dossier (3)\CareFlow\Utils\Logger.js
[2025:11:01 11:28:30] info: work on http://localhost:3000 PLACE: C:\Users\Youcode\Desktop\Nouveau dossier (3)\CareFlow\Utils\Logger.js
[2025:11:01 11:28:38] info: work on http://localhost:3000 PLACE: C:\Users\Youcode\Desktop\Nouveau dossier (3)\CareFlow\Utils\Logger.js
[2025:11:01 11:28:40] info: ::1 - - [01/Nov/2025:10:28:40 +0000] "PUT /api/rendezvous/68ef92ca9f7c3d942bcebea5/enCoure HTTP/1.1" 200 74 "-" "PostmanRuntime/7.49.0" PLACE: C:\Users\Youcode\Desktop\Nouveau dossier (3)\CareFlow\Utils\Logger.js
[2025:11:01 11:30:32] info: ::1 - - [01/Nov/2025:10:30:32 +0000] "PUT /api/rendezvous/68ef92ca9f7c3d942bcebea5/enCoure%20 HTTP/1.1" 200 74 "-" "PostmanRuntime/7.49.0" PLACE: C:\Users\Youcode\Desktop\Nouveau dossier (3)\CareFlow\Utils\Logger.js
[2025:11:01 11:32:29] info: ::1 - - [01/Nov/2025:10:32:29 +0000] "PUT /api/rendezvous/68f1e5ec08534e98c6bc0dd6/enCoure%20 HTTP/1.1" 200 320 "-" "PostmanRuntime/7.49.0" PLACE: C:\Users\Youcode\Desktop\Nouveau dossier (3)\CareFlow\Utils\Logger.js
[2025:11:01 11:33:50] info: work on http://localhost:3000 PLACE: C:\Users\Youcode\Desktop\Nouveau dossier (3)\CareFlow\Utils\Logger.js
[2025:11:01 11:34:07] info: work on http://localhost:3000 PLACE: C:\Users\Youcode\Desktop\Nouveau dossier (3)\CareFlow\Utils\Logger.js
[2025:11:01 11:34:12] info: work on http://localhost:3000 PLACE: C:\Users\Youcode\Desktop\Nouveau dossier (3)\CareFlow\Utils\Logger.js
[2025:11:01 11:34:14] info: ::1 - - [01/Nov/2025:10:34:14 +0000] "PUT /api/rendezvous/68f1e5ec08534e98c6bc0dd6/enCoure%20 HTTP/1.1" 200 262 "-" "PostmanRuntime/7.49.0" PLACE: C:\Users\Youcode\Desktop\Nouveau dossier (3)\CareFlow\Utils\Logger.js
[2025:11:01 12:02:57] info: ::1 - - [01/Nov/2025:11:02:57 +0000] "POST /api/rendezvous HTTP/1.1" 200 56 "-" "PostmanRuntime/7.49.0" PLACE: C:\Users\Youcode\Desktop\Nouveau dossier (3)\CareFlow\Utils\Logger.js
[2025:11:01 12:03:32] info: ::1 - - [01/Nov/2025:11:03:32 +0000] "POST /api/rendezvous HTTP/1.1" 200 177 "-" "PostmanRuntime/7.49.0" PLACE: C:\Users\Youcode\Desktop\Nouveau dossier (3)\CareFlow\Utils\Logger.js
[2025:11:01 18:06:46] info: work on http://localhost:3000 PLACE: C:\Users\Youcode\Desktop\Nouveau dossier (3)\CareFlow\Utils\Logger.js
[2025:11:01 18:09:22] info: ::1 - - [01/Nov/2025:17:09:22 +0000] "PUT /api/rendezvous/6905e904773b7c76c298ba7f HTTP/1.1" 200 53 "-" "PostmanRuntime/7.49.1" PLACE: C:\Users\Youcode\Desktop\Nouveau dossier (3)\CareFlow\Utils\Logger.js
[2025:11:01 18:09:57] info: ::1 - - [01/Nov/2025:17:09:57 +0000] "PUT /api/rendezvous/68ef92ca9f7c3d942bcebea5 HTTP/1.1" 200 53 "-" "PostmanRuntime/7.49.1" PLACE: C:\Users\Youcode\Desktop\Nouveau dossier (3)\CareFlow\Utils\Logger.js
[2025:11:01 18:11:16] info: work on http://localhost:3000 PLACE: C:\Users\Youcode\Desktop\Nouveau dossier (3)\CareFlow\Utils\Logger.js
[2025:11:01 18:11:21] info: ::1 - - [01/Nov/2025:17:11:21 +0000] "PUT /api/rendezvous/68ef92ca9f7c3d942bcebea5 HTTP/1.1" 200 40 "-" "PostmanRuntime/7.49.1" PLACE: C:\Users\Youcode\Desktop\Nouveau dossier (3)\CareFlow\Utils\Logger.js
[2025:11:01 18:12:08] info: work on http://localhost:3000 PLACE: C:\Users\Youcode\Desktop\Nouveau dossier (3)\CareFlow\Utils\Logger.js
[2025:11:01 18:12:09] info: ::1 - - [01/Nov/2025:17:12:09 +0000] "PUT /api/rendezvous/68ef92ca9f7c3d942bcebea5 HTTP/1.1" 200 92 "-" "PostmanRuntime/7.49.1" PLACE: C:\Users\Youcode\Desktop\Nouveau dossier (3)\CareFlow\Utils\Logger.js
[2025:11:01 18:13:02] info: work on http://localhost:3000 PLACE: C:\Users\Youcode\Desktop\Nouveau dossier (3)\CareFlow\Utils\Logger.js
[2025:11:01 18:13:07] info: work on http://localhost:3000 PLACE: C:\Users\Youcode\Desktop\Nouveau dossier (3)\CareFlow\Utils\Logger.js
[2025:11:01 18:13:14] info: work on http://localhost:3000 PLACE: C:\Users\Youcode\Desktop\Nouveau dossier (3)\CareFlow\Utils\Logger.js
[2025:11:01 18:13:20] info: work on http://localhost:3000 PLACE: C:\Users\Youcode\Desktop\Nouveau dossier (3)\CareFlow\Utils\Logger.js
[2025:11:01 18:13:27] info: work on http://localhost:3000 PLACE: C:\Users\Youcode\Desktop\Nouveau dossier (3)\CareFlow\Utils\Logger.js
[2025:11:01 18:13:30] info: work on http://localhost:3000 PLACE: C:\Users\Youcode\Desktop\Nouveau dossier (3)\CareFlow\Utils\Logger.js
[2025:11:01 18:13:31] info: work on http://localhost:3000 PLACE: C:\Users\Youcode\Desktop\Nouveau dossier (3)\CareFlow\Utils\Logger.js
[2025:11:01 18:13:33] info: ::1 - - [01/Nov/2025:17:13:33 +0000] "PUT /api/rendezvous/68ef92ca9f7c3d942bcebea5 HTTP/1.1" 200 124 "-" "PostmanRuntime/7.49.1" PLACE: C:\Users\Youcode\Desktop\Nouveau dossier (3)\CareFlow\Utils\Logger.js
[2025:11:01 18:14:30] info: ::1 - - [01/Nov/2025:17:14:30 +0000] "PUT /api/rendezvous/68ef92ca9f7c3d942bcebea5 HTTP/1.1" 200 124 "-" "PostmanRuntime/7.49.1" PLACE: C:\Users\Youcode\Desktop\Nouveau dossier (3)\CareFlow\Utils\Logger.js
[2025:11:01 18:19:00] info: work on http://localhost:3000 PLACE: C:\Users\Youcode\Desktop\Nouveau dossier (3)\CareFlow\Utils\Logger.js
[2025:11:01 18:19:02] info: work on http://localhost:3000 PLACE: C:\Users\Youcode\Desktop\Nouveau dossier (3)\CareFlow\Utils\Logger.js
[2025:11:01 18:19:04] info: work on http://localhost:3000 PLACE: C:\Users\Youcode\Desktop\Nouveau dossier (3)\CareFlow\Utils\Logger.js
[2025:11:01 18:19:13] info: work on http://localhost:3000 PLACE: C:\Users\Youcode\Desktop\Nouveau dossier (3)\CareFlow\Utils\Logger.js
[2025:11:01 18:19:15] info: ::1 - - [01/Nov/2025:17:19:15 +0000] "PUT /api/rendezvous/68ef92ca9f7c3d942bcebea5 HTTP/1.1" 200 248 "-" "PostmanRuntime/7.49.1" PLACE: C:\Users\Youcode\Desktop\Nouveau dossier (3)\CareFlow\Utils\Logger.js
[2025:11:01 19:27:31] info: work on http://localhost:3000 PLACE: C:\Users\Youcode\Desktop\Nouveau dossier (3)\CareFlow\Utils\Logger.js
[2025:11:01 19:27:41] info: work on http://localhost:3000 PLACE: C:\Users\Youcode\Desktop\Nouveau dossier (3)\CareFlow\Utils\Logger.js
[2025:11:01 19:50:28] info: ::1 - - [01/Nov/2025:18:50:28 +0000] "POST /api/tritments/rendesvous/68ef92ca9f7c3d942bcebea5 HTTP/1.1" 200 246 "-" "PostmanRuntime/7.49.1" PLACE: C:\Users\Youcode\Desktop\Nouveau dossier (3)\CareFlow\Utils\Logger.js
[2025:11:01 19:53:49] info: ::1 - - [01/Nov/2025:18:53:49 +0000] "POST /api/prescriptions HTTP/1.1" 200 299 "-" "PostmanRuntime/7.49.1" PLACE: C:\Users\Youcode\Desktop\Nouveau dossier (3)\CareFlow\Utils\Logger.js
[2025:11:01 19:55:17] info: ::1 - - [01/Nov/2025:18:55:17 +0000] "POST /api/prescriptions HTTP/1.1" 200 299 "-" "PostmanRuntime/7.49.1" PLACE: C:\Users\Youcode\Desktop\Nouveau dossier (3)\CareFlow\Utils\Logger.js
[2025:11:01 19:55:28] info: ::1 - - [01/Nov/2025:18:55:28 +0000] "POST /api/prescriptions HTTP/1.1" 200 299 "-" "PostmanRuntime/7.49.1" PLACE: C:\Users\Youcode\Desktop\Nouveau dossier (3)\CareFlow\Utils\Logger.js
[2025:11:01 19:56:08] info: work on http://localhost:3000 PLACE: C:\Users\Youcode\Desktop\Nouveau dossier (3)\CareFlow\Utils\Logger.js
[2025:11:01 19:56:55] info: ::1 - - [01/Nov/2025:18:56:55 +0000] "POST /api/prescriptions HTTP/1.1" 200 288 "-" "PostmanRuntime/7.49.1" PLACE: C:\Users\Youcode\Desktop\Nouveau dossier (3)\CareFlow\Utils\Logger.js
[2025:11:01 19:57:38] info: work on http://localhost:3000 PLACE: C:\Users\Youcode\Desktop\Nouveau dossier (3)\CareFlow\Utils\Logger.js
[2025:11:01 19:58:48] info: ::1 - - [01/Nov/2025:18:58:48 +0000] "POST /api/prescriptions HTTP/1.1" 200 277 "-" "PostmanRuntime/7.49.1" PLACE: C:\Users\Youcode\Desktop\Nouveau dossier (3)\CareFlow\Utils\Logger.js
[2025:11:01 20:00:43] info: work on http://localhost:3000 PLACE: C:\Users\Youcode\Desktop\Nouveau dossier (3)\CareFlow\Utils\Logger.js
[2025:11:01 20:00:44] info: ::1 - - [01/Nov/2025:19:00:44 +0000] "POST /api/prescriptions HTTP/1.1" 200 277 "-" "PostmanRuntime/7.49.1" PLACE: C:\Users\Youcode\Desktop\Nouveau dossier (3)\CareFlow\Utils\Logger.js
[2025:11:01 20:00:52] info: work on http://localhost:3000 PLACE: C:\Users\Youcode\Desktop\Nouveau dossier (3)\CareFlow\Utils\Logger.js
[2025:11:01 20:01:00] info: work on http://localhost:3000 PLACE: C:\Users\Youcode\Desktop\Nouveau dossier (3)\CareFlow\Utils\Logger.js
[2025:11:01 20:01:02] info: work on http://localhost:3000 PLACE: C:\Users\Youcode\Desktop\Nouveau dossier (3)\CareFlow\Utils\Logger.js
[2025:11:01 20:01:06] info: work on http://localhost:3000 PLACE: C:\Users\Youcode\Desktop\Nouveau dossier (3)\CareFlow\Utils\Logger.js
[2025:11:01 20:01:16] info: ::1 - - [01/Nov/2025:19:01:16 +0000] "POST /api/prescriptions HTTP/1.1" 200 277 "-" "PostmanRuntime/7.49.1" PLACE: C:\Users\Youcode\Desktop\Nouveau dossier (3)\CareFlow\Utils\Logger.js
[2025:11:01 20:03:02] info: New prescription created by doctor 68f69d88468f0346b3bc8d08 PLACE: C:\Users\Youcode\Desktop\Nouveau dossier (3)\CareFlow\Utils\Logger.js
[2025:11:01 20:03:02] info: ::1 - - [01/Nov/2025:19:03:02 +0000] "POST /api/prescriptions HTTP/1.1" 200 463 "-" "PostmanRuntime/7.49.1" PLACE: C:\Users\Youcode\Desktop\Nouveau dossier (3)\CareFlow\Utils\Logger.js
[2025:11:01 20:03:16] info: New prescription created by doctor 68f69d88468f0346b3bc8d08 PLACE: C:\Users\Youcode\Desktop\Nouveau dossier (3)\CareFlow\Utils\Logger.js
[2025:11:01 20:03:16] info: ::1 - - [01/Nov/2025:19:03:16 +0000] "POST /api/prescriptions HTTP/1.1" 200 631 "-" "PostmanRuntime/7.49.1" PLACE: C:\Users\Youcode\Desktop\Nouveau dossier (3)\CareFlow\Utils\Logger.js
[2025:11:01 20:05:33] info: work on http://localhost:3000 PLACE: C:\Users\Youcode\Desktop\Nouveau dossier (3)\CareFlow\Utils\Logger.js
[2025:11:01 20:13:01] info: work on http://localhost:3000 PLACE: C:\Users\Youcode\Desktop\Nouveau dossier (3)\CareFlow\Utils\Logger.js
[2025:11:01 20:16:33] info: ::1 - - [01/Nov/2025:19:16:33 +0000] "PUT /api/prescriptions/68fe873ce77e0dd60f40109a/status HTTP/1.1" 200 638 "-" "PostmanRuntime/7.49.1" PLACE: C:\Users\Youcode\Desktop\Nouveau dossier (3)\CareFlow\Utils\Logger.js
[2025:11:01 20:19:49] info: work on http://localhost:3000 PLACE: C:\Users\Youcode\Desktop\Nouveau dossier (3)\CareFlow\Utils\Logger.js
[2025:11:01 20:20:02] info: work on http://localhost:3000 PLACE: C:\Users\Youcode\Desktop\Nouveau dossier (3)\CareFlow\Utils\Logger.js
[2025:11:01 20:20:22] info: work on http://localhost:3000 PLACE: C:\Users\Youcode\Desktop\Nouveau dossier (3)\CareFlow\Utils\Logger.js
[2025:11:01 20:22:10] info: work on http://localhost:3000 PLACE: C:\Users\Youcode\Desktop\Nouveau dossier (3)\CareFlow\Utils\Logger.js
[2025:11:01 20:22:41] info: work on http://localhost:3000 PLACE: C:\Users\Youcode\Desktop\Nouveau dossier (3)\CareFlow\Utils\Logger.js
[2025:11:01 20:22:51] info: work on http://localhost:3000 PLACE: C:\Users\Youcode\Desktop\Nouveau dossier (3)\CareFlow\Utils\Logger.js
[2025:11:01 20:23:10] info: work on http://localhost:3000 PLACE: C:\Users\Youcode\Desktop\Nouveau dossier (3)\CareFlow\Utils\Logger.js
[2025:11:01 20:23:27] info: work on http://localhost:3000 PLACE: C:\Users\Youcode\Desktop\Nouveau dossier (3)\CareFlow\Utils\Logger.js
[2025:11:01 20:29:27] info: ::ffff:127.0.0.1 - - [01/Nov/2025:19:29:27 +0000] "POST /prescriptions HTTP/1.1" 404 153 "-" "-" PLACE: C:\Users\Youcode\Desktop\Nouveau dossier (3)\CareFlow\Utils\Logger.js
[2025:11:01 20:29:27] info: ::ffff:127.0.0.1 - - [01/Nov/2025:19:29:27 +0000] "POST /prescriptions HTTP/1.1" 404 153 "-" "-" PLACE: C:\Users\Youcode\Desktop\Nouveau dossier (3)\CareFlow\Utils\Logger.js
[2025:11:01 20:29:27] info: ::ffff:127.0.0.1 - - [01/Nov/2025:19:29:27 +0000] "PUT /prescriptions/undefined/status HTTP/1.1" 404 169 "-" "-" PLACE: C:\Users\Youcode\Desktop\Nouveau dossier (3)\CareFlow\Utils\Logger.js
[2025:11:01 20:30:57] info: work on http://localhost:3000 PLACE: C:\Users\Youcode\Desktop\Nouveau dossier (3)\CareFlow\Utils\Logger.js
[2025:11:01 20:32:43] info: work on http://localhost:3000 PLACE: C:\Users\Youcode\Desktop\Nouveau dossier (3)\CareFlow\Utils\Logger.js
[2025:11:01 20:33:15] info: work on http://localhost:3000 PLACE: C:\Users\Youcode\Desktop\Nouveau dossier (3)\CareFlow\Utils\Logger.js
[2025:11:01 20:33:49] info: ::ffff:127.0.0.1 - - [01/Nov/2025:19:33:49 +0000] "POST /api/prescriptions HTTP/1.1" 200 97 "-" "-" PLACE: C:\Users\Youcode\Desktop\Nouveau dossier (3)\CareFlow\Utils\Logger.js
[2025:11:01 20:33:49] error: Error getting prescription: Cast to ObjectId failed for value "undefined" (type string) at path "_id" for model "Prescriptions" PLACE: C:\Users\Youcode\Desktop\Nouveau dossier (3)\CareFlow\Utils\Logger.js
[2025:11:01 20:33:49] error: Error creating prescription: Operation `prescriptions.insertOne()` buffering timed out after 10000ms PLACE: C:\Users\Youcode\Desktop\Nouveau dossier (3)\CareFlow\Utils\Logger.js
[2025:11:01 20:33:49] info: ::ffff:127.0.0.1 - - [01/Nov/2025:19:33:49 +0000] "POST /api/prescriptions HTTP/1.1" 200 101 "-" "-" PLACE: C:\Users\Youcode\Desktop\Nouveau dossier (3)\CareFlow\Utils\Logger.js
[2025:11:01 20:33:49] error: Error updating prescription status: Cast to ObjectId failed for value "undefined" (type string) at path "_id" for model "Prescriptions" PLACE: C:\Users\Youcode\Desktop\Nouveau dossier (3)\CareFlow\Utils\Logger.js
[2025:11:01 20:33:49] info: ::ffff:127.0.0.1 - - [01/Nov/2025:19:33:49 +0000] "PUT /api/prescriptions/undefined/status HTTP/1.1" 200 135 "-" "-" PLACE: C:\Users\Youcode\Desktop\Nouveau dossier (3)\CareFlow\Utils\Logger.js
[2025:11:01 20:34:38] info: work on http://localhost:3000 PLACE: C:\Users\Youcode\Desktop\Nouveau dossier (3)\CareFlow\Utils\Logger.js
[2025:11:01 20:35:56] info: New prescription created by doctor 68f69d88468f0346b3bc8d08 PLACE: C:\Users\Youcode\Desktop\Nouveau dossier (3)\CareFlow\Utils\Logger.js
[2025:11:01 20:35:56] info: ::ffff:127.0.0.1 - - [01/Nov/2025:19:35:56 +0000] "POST /api/prescriptions HTTP/1.1" 200 463 "-" "-" PLACE: C:\Users\Youcode\Desktop\Nouveau dossier (3)\CareFlow\Utils\Logger.js
[2025:11:01 20:35:56] info: ::ffff:127.0.0.1 - - [01/Nov/2025:19:35:56 +0000] "POST /api/prescriptions HTTP/1.1" 200 97 "-" "-" PLACE: C:\Users\Youcode\Desktop\Nouveau dossier (3)\CareFlow\Utils\Logger.js
[2025:11:01 20:36:21] info: work on http://localhost:3000 PLACE: C:\Users\Youcode\Desktop\Nouveau dossier (3)\CareFlow\Utils\Logger.js
[2025:11:01 20:36:51] info: New prescription created by doctor 68f69d88468f0346b3bc8d08 PLACE: C:\Users\Youcode\Desktop\Nouveau dossier (3)\CareFlow\Utils\Logger.js
[2025:11:01 20:36:51] info: ::ffff:127.0.0.1 - - [01/Nov/2025:19:36:51 +0000] "POST /api/prescriptions HTTP/1.1" 200 463 "-" "-" PLACE: C:\Users\Youcode\Desktop\Nouveau dossier (3)\CareFlow\Utils\Logger.js
[2025:11:01 20:36:51] info: ::ffff:127.0.0.1 - - [01/Nov/2025:19:36:51 +0000] "POST /api/prescriptions HTTP/1.1" 200 97 "-" "-" PLACE: C:\Users\Youcode\Desktop\Nouveau dossier (3)\CareFlow\Utils\Logger.js
[2025:11:01 20:36:51] info: ::ffff:127.0.0.1 - - [01/Nov/2025:19:36:51 +0000] "PUT /api/prescriptions/69066153b0d148ce8a890a80/status HTTP/1.1" 200 467 "-" "-" PLACE: C:\Users\Youcode\Desktop\Nouveau dossier (3)\CareFlow\Utils\Logger.js
[2025:11:02 16:55:42] info: work on http://localhost:3000 PLACE: C:\Users\Youcode\Desktop\Nouveau dossier (3)\CareFlow\Utils\Logger.js
[2025:11:02 16:58:49] info: work on http://localhost:3000 PLACE: C:\Users\Youcode\Desktop\Nouveau dossier (3)\CareFlow\Utils\Logger.js
[2025:11:02 16:58:55] info: work on http://localhost:3000 PLACE: C:\Users\Youcode\Desktop\Nouveau dossier (3)\CareFlow\Utils\Logger.js
[2025:11:02 16:59:04] info: work on http://localhost:3000 PLACE: C:\Users\Youcode\Desktop\Nouveau dossier (3)\CareFlow\Utils\Logger.js
[2025:11:02 16:59:11] info: work on http://localhost:3000 PLACE: C:\Users\Youcode\Desktop\Nouveau dossier (3)\CareFlow\Utils\Logger.js
[2025:11:02 16:59:21] info: work on http://localhost:3000 PLACE: C:\Users\Youcode\Desktop\Nouveau dossier (3)\CareFlow\Utils\Logger.js
[2025:11:02 16:59:27] info: work on http://localhost:3000 PLACE: C:\Users\Youcode\Desktop\Nouveau dossier (3)\CareFlow\Utils\Logger.js
[2025:11:02 16:59:33] info: work on http://localhost:3000 PLACE: C:\Users\Youcode\Desktop\Nouveau dossier (3)\CareFlow\Utils\Logger.js
[2025:11:02 16:59:44] info: work on http://localhost:3000 PLACE: C:\Users\Youcode\Desktop\Nouveau dossier (3)\CareFlow\Utils\Logger.js
[2025:11:02 16:59:48] info: work on http://localhost:3000 PLACE: C:\Users\Youcode\Desktop\Nouveau dossier (3)\CareFlow\Utils\Logger.js
[2025:11:02 17:04:44] info: work on http://localhost:3000 PLACE: C:\Users\Youcode\Desktop\Nouveau dossier (3)\CareFlow\Utils\Logger.js
[2025:11:02 17:04:51] info: work on http://localhost:3000 PLACE: C:\Users\Youcode\Desktop\Nouveau dossier (3)\CareFlow\Utils\Logger.js
[2025:11:02 17:05:14] info: work on http://localhost:3000 PLACE: C:\Users\Youcode\Desktop\Nouveau dossier (3)\CareFlow\Utils\Logger.js
[2025:11:02 17:05:47] info: work on http://localhost:3000 PLACE: C:\Users\Youcode\Desktop\Nouveau dossier (3)\CareFlow\Utils\Logger.js
[2025:11:02 17:07:22] info: work on http://localhost:3000 PLACE: C:\Users\Youcode\Desktop\Nouveau dossier (3)\CareFlow\Utils\Logger.js
[2025:11:02 17:07:25] info: work on http://localhost:3000 PLACE: C:\Users\Youcode\Desktop\Nouveau dossier (3)\CareFlow\Utils\Logger.js
[2025:11:02 17:08:53] info: work on http://localhost:3000 PLACE: C:\Users\Youcode\Desktop\Nouveau dossier (3)\CareFlow\Utils\Logger.js
[2025:11:02 17:08:54] info: work on http://localhost:3000 PLACE: C:\Users\Youcode\Desktop\Nouveau dossier (3)\CareFlow\Utils\Logger.js
[2025:11:02 17:11:29] info: work on http://localhost:3000 PLACE: C:\Users\Youcode\Desktop\Nouveau dossier (3)\CareFlow\Utils\Logger.js
[2025:11:02 17:16:08] info: work on http://localhost:3000 PLACE: C:\Users\Youcode\Desktop\Nouveau dossier (3)\CareFlow\Utils\Logger.js
[2025:11:02 17:16:14] info: work on http://localhost:3000 PLACE: C:\Users\Youcode\Desktop\Nouveau dossier (3)\CareFlow\Utils\Logger.js
[2025:11:02 17:16:17] info: work on http://localhost:3000 PLACE: C:\Users\Youcode\Desktop\Nouveau dossier (3)\CareFlow\Utils\Logger.js
[2025:11:02 17:16:21] info: work on http://localhost:3000 PLACE: C:\Users\Youcode\Desktop\Nouveau dossier (3)\CareFlow\Utils\Logger.js
[2025:11:02 17:16:33] info: work on http://localhost:3000 PLACE: C:\Users\Youcode\Desktop\Nouveau dossier (3)\CareFlow\Utils\Logger.js
[2025:11:02 17:16:52] info: work on http://localhost:3000 PLACE: C:\Users\Youcode\Desktop\Nouveau dossier (3)\CareFlow\Utils\Logger.js
[2025:11:02 17:16:54] info: work on http://localhost:3000 PLACE: C:\Users\Youcode\Desktop\Nouveau dossier (3)\CareFlow\Utils\Logger.js
[2025:11:02 17:18:30] info: ::1 - - [02/Nov/2025:16:18:30 +0000] "DELETE /api/users/68f62b26fdc8d5ea2ed59a78 HTTP/1.1" 200 38 "-" "PostmanRuntime/7.49.1" PLACE: C:\Users\Youcode\Desktop\Nouveau dossier (3)\CareFlow\Utils\Logger.js
[2025:11:02 17:18:43] info: work on http://localhost:3000 PLACE: C:\Users\Youcode\Desktop\Nouveau dossier (3)\CareFlow\Utils\Logger.js
[2025:11:02 17:18:43] info: ::1 - - [02/Nov/2025:16:18:43 +0000] "DELETE /api/users/68f62b26fdc8d5ea2ed59a78 HTTP/1.1" 200 37 "-" "PostmanRuntime/7.49.1" PLACE: C:\Users\Youcode\Desktop\Nouveau dossier (3)\CareFlow\Utils\Logger.js
[2025:11:02 17:20:14] info: work on http://localhost:3000 PLACE: C:\Users\Youcode\Desktop\Nouveau dossier (3)\CareFlow\Utils\Logger.js
[2025:11:02 17:20:18] info: work on http://localhost:3000 PLACE: C:\Users\Youcode\Desktop\Nouveau dossier (3)\CareFlow\Utils\Logger.js
[2025:11:02 17:20:35] info: work on http://localhost:3000 PLACE: C:\Users\Youcode\Desktop\Nouveau dossier (3)\CareFlow\Utils\Logger.js
[2025:11:02 17:20:36] info: work on http://localhost:3000 PLACE: C:\Users\Youcode\Desktop\Nouveau dossier (3)\CareFlow\Utils\Logger.js
[2025:11:02 17:20:40] info: work on http://localhost:3000 PLACE: C:\Users\Youcode\Desktop\Nouveau dossier (3)\CareFlow\Utils\Logger.js
[2025:11:02 17:20:51] info: work on http://localhost:3000 PLACE: C:\Users\Youcode\Desktop\Nouveau dossier (3)\CareFlow\Utils\Logger.js
[2025:11:02 17:21:01] info: work on http://localhost:3000 PLACE: C:\Users\Youcode\Desktop\Nouveau dossier (3)\CareFlow\Utils\Logger.js
[2025:11:02 17:21:18] info: work on http://localhost:3000 PLACE: C:\Users\Youcode\Desktop\Nouveau dossier (3)\CareFlow\Utils\Logger.js
[2025:11:02 17:22:26] info: ::1 - - [02/Nov/2025:16:22:26 +0000] "PUT /api/rendezvous/68ef92ca9f7c3d942bcebea5 HTTP/1.1" 200 249 "-" "PostmanRuntime/7.49.1" PLACE: C:\Users\Youcode\Desktop\Nouveau dossier (3)\CareFlow\Utils\Logger.js
[2025:11:02 17:23:01] info: ::1 - - [02/Nov/2025:16:23:01 +0000] "DELETE /api/rendezvous/68ef92ca9f7c3d942bcebea5 HTTP/1.1" 200 43 "-" "PostmanRuntime/7.49.1" PLACE: C:\Users\Youcode\Desktop\Nouveau dossier (3)\CareFlow\Utils\Logger.js
[2025:11:02 17:23:51] info: work on http://localhost:3000 PLACE: C:\Users\Youcode\Desktop\Nouveau dossier (3)\CareFlow\Utils\Logger.js
[2025:11:02 17:23:55] info: work on http://localhost:3000 PLACE: C:\Users\Youcode\Desktop\Nouveau dossier (3)\CareFlow\Utils\Logger.js
[2025:11:02 17:27:14] info: Prescription 69065974dfabf6b9137e8664 deleted PLACE: C:\Users\Youcode\Desktop\Nouveau dossier (3)\CareFlow\Utils\Logger.js
[2025:11:02 17:27:14] info: ::1 - - [02/Nov/2025:16:27:14 +0000] "DELETE /api/prescriptions/69065974dfabf6b9137e8664 HTTP/1.1" 200 62 "-" "PostmanRuntime/7.49.1" PLACE: C:\Users\Youcode\Desktop\Nouveau dossier (3)\CareFlow\Utils\Logger.js
[2025:11:02 17:31:23] info: work on http://localhost:3000 PLACE: C:\Users\Youcode\Desktop\Nouveau dossier (3)\CareFlow\Utils\Logger.js
[2025:11:02 17:31:30] info: work on http://localhost:3000 PLACE: C:\Users\Youcode\Desktop\Nouveau dossier (3)\CareFlow\Utils\Logger.js
[2025:11:02 17:31:36] info: work on http://localhost:3000 PLACE: C:\Users\Youcode\Desktop\Nouveau dossier (3)\CareFlow\Utils\Logger.js
[2025:11:02 17:31:43] info: work on http://localhost:3000 PLACE: C:\Users\Youcode\Desktop\Nouveau dossier (3)\CareFlow\Utils\Logger.js
[2025:11:02 17:31:48] info: work on http://localhost:3000 PLACE: C:\Users\Youcode\Desktop\Nouveau dossier (3)\CareFlow\Utils\Logger.js
[2025:11:02 17:32:08] info: work on http://localhost:3000 PLACE: C:\Users\Youcode\Desktop\Nouveau dossier (3)\CareFlow\Utils\Logger.js
[2025:11:02 17:34:34] info: work on http://localhost:3000 PLACE: C:\Users\Youcode\Desktop\Nouveau dossier (3)\CareFlow\Utils\Logger.js
[2025:11:02 17:34:39] info: work on http://localhost:3000 PLACE: C:\Users\Youcode\Desktop\Nouveau dossier (3)\CareFlow\Utils\Logger.js
[2025:11:02 17:34:49] info: work on http://localhost:3000 PLACE: C:\Users\Youcode\Desktop\Nouveau dossier (3)\CareFlow\Utils\Logger.js
[2025:11:02 17:35:15] info: work on http://localhost:3000 PLACE: C:\Users\Youcode\Desktop\Nouveau dossier (3)\CareFlow\Utils\Logger.js
[2025:11:02 17:35:18] info: work on http://localhost:3000 PLACE: C:\Users\Youcode\Desktop\Nouveau dossier (3)\CareFlow\Utils\Logger.js
[2025:11:02 17:35:34] info: work on http://localhost:3000 PLACE: C:\Users\Youcode\Desktop\Nouveau dossier (3)\CareFlow\Utils\Logger.js
[2025:11:02 17:35:38] info: work on http://localhost:3000 PLACE: C:\Users\Youcode\Desktop\Nouveau dossier (3)\CareFlow\Utils\Logger.js
[2025:11:02 17:35:41] info: work on http://localhost:3000 PLACE: C:\Users\Youcode\Desktop\Nouveau dossier (3)\CareFlow\Utils\Logger.js
[2025:11:02 17:35:51] info: work on http://localhost:3000 PLACE: C:\Users\Youcode\Desktop\Nouveau dossier (3)\CareFlow\Utils\Logger.js
[2025:11:02 17:35:54] info: work on http://localhost:3000 PLACE: C:\Users\Youcode\Desktop\Nouveau dossier (3)\CareFlow\Utils\Logger.js
[2025:11:02 17:45:43] info: work on http://localhost:3000 PLACE: C:\Users\Youcode\Desktop\Nouveau dossier (3)\CareFlow\Utils\Logger.js
[2025:11:02 17:45:49] info: work on http://localhost:3000 PLACE: C:\Users\Youcode\Desktop\Nouveau dossier (3)\CareFlow\Utils\Logger.js
[2025:11:02 17:45:52] info: work on http://localhost:3000 PLACE: C:\Users\Youcode\Desktop\Nouveau dossier (3)\CareFlow\Utils\Logger.js
[2025:11:02 17:45:54] info: work on http://localhost:3000 PLACE: C:\Users\Youcode\Desktop\Nouveau dossier (3)\CareFlow\Utils\Logger.js
[2025:11:02 17:46:06] info: work on http://localhost:3000 PLACE: C:\Users\Youcode\Desktop\Nouveau dossier (3)\CareFlow\Utils\Logger.js
[2025:11:02 17:46:11] info: work on http://localhost:3000 PLACE: C:\Users\Youcode\Desktop\Nouveau dossier (3)\CareFlow\Utils\Logger.js
[2025:11:02 17:46:15] info: work on http://localhost:3000 PLACE: C:\Users\Youcode\Desktop\Nouveau dossier (3)\CareFlow\Utils\Logger.js
[2025:11:02 17:46:21] info: work on http://localhost:3000 PLACE: C:\Users\Youcode\Desktop\Nouveau dossier (3)\CareFlow\Utils\Logger.js
[2025:11:02 17:46:25] info: work on http://localhost:3000 PLACE: C:\Users\Youcode\Desktop\Nouveau dossier (3)\CareFlow\Utils\Logger.js
[2025:11:02 17:49:51] info: work on http://localhost:3000 PLACE: C:\Users\Youcode\Desktop\Nouveau dossier (3)\CareFlow\Utils\Logger.js
[2025:11:02 17:50:59] info: work on http://localhost:3000 PLACE: C:\Users\Youcode\Desktop\Nouveau dossier (3)\CareFlow\Utils\Logger.js
[2025:11:02 17:51:05] info: work on http://localhost:3000 PLACE: C:\Users\Youcode\Desktop\Nouveau dossier (3)\CareFlow\Utils\Logger.js
[2025:11:02 17:52:44] info: work on http://localhost:3000 PLACE: C:\Users\Youcode\Desktop\Nouveau dossier (3)\CareFlow\Utils\Logger.js
[2025:11:02 17:52:51] info: work on http://localhost:3000 PLACE: C:\Users\Youcode\Desktop\Nouveau dossier (3)\CareFlow\Utils\Logger.js
[2025:11:02 17:59:21] info: work on http://localhost:3000 PLACE: C:\Users\Youcode\Desktop\Nouveau dossier (3)\CareFlow\Utils\Logger.js
[2025:11:02 17:59:42] info: ::1 - - [02/Nov/2025:16:59:42 +0000] "POST /api/init-roles HTTP/1.1" 200 38 "-" "PostmanRuntime/7.49.1" PLACE: C:\Users\Youcode\Desktop\Nouveau dossier (3)\CareFlow\Utils\Logger.js
[2025:11:02 17:59:58] info: work on http://localhost:3000 PLACE: C:\Users\Youcode\Desktop\Nouveau dossier (3)\CareFlow\Utils\Logger.js
[2025:11:02 18:00:03] info: work on http://localhost:3000 PLACE: C:\Users\Youcode\Desktop\Nouveau dossier (3)\CareFlow\Utils\Logger.js
[2025:11:02 18:00:04] info: ::1 - - [02/Nov/2025:17:00:04 +0000] "POST /api/init-roles HTTP/1.1" 200 42 "-" "PostmanRuntime/7.49.1" PLACE: C:\Users\Youcode\Desktop\Nouveau dossier (3)\CareFlow\Utils\Logger.js
[2025:11:02 18:00:10] info: work on http://localhost:3000 PLACE: C:\Users\Youcode\Desktop\Nouveau dossier (3)\CareFlow\Utils\Logger.js
[2025:11:02 18:00:13] info: work on http://localhost:3000 PLACE: C:\Users\Youcode\Desktop\Nouveau dossier (3)\CareFlow\Utils\Logger.js
[2025:11:02 18:04:28] info: work on http://localhost:3000 PLACE: C:\Users\Youcode\Desktop\Nouveau dossier (3)\CareFlow\Utils\Logger.js
[2025:11:02 18:04:34] info: work on http://localhost:3000 PLACE: C:\Users\Youcode\Desktop\Nouveau dossier (3)\CareFlow\Utils\Logger.js
[2025:11:02 18:04:41] info: work on http://localhost:3000 PLACE: C:\Users\Youcode\Desktop\Nouveau dossier (3)\CareFlow\Utils\Logger.js
[2025:11:02 18:05:55] info: work on http://localhost:3000 PLACE: C:\Users\Youcode\Desktop\Nouveau dossier (3)\CareFlow\Utils\Logger.js
[2025:11:02 18:05:57] info: work on http://localhost:3000 PLACE: C:\Users\Youcode\Desktop\Nouveau dossier (3)\CareFlow\Utils\Logger.js
[2025:11:02 18:10:34] info: work on http://localhost:3000 PLACE: C:\Users\Youcode\Desktop\Nouveau dossier (3)\CareFlow\Utils\Logger.js
[2025:11:02 18:10:39] info: work on http://localhost:3000 PLACE: C:\Users\Youcode\Desktop\Nouveau dossier (3)\CareFlow\Utils\Logger.js
[2025:11:02 18:13:32] info: work on http://localhost:3000 PLACE: C:\Users\Youcode\Desktop\Nouveau dossier (3)\CareFlow\Utils\Logger.js
[2025:11:02 18:16:59] info: work on http://localhost:3000 PLACE: C:\Users\Youcode\Desktop\Nouveau dossier (3)\CareFlow\Utils\Logger.js
[2025:11:02 18:17:06] info: work on http://localhost:3000 PLACE: C:\Users\Youcode\Desktop\Nouveau dossier (3)\CareFlow\Utils\Logger.js
[2025:11:02 18:17:13] info: work on http://localhost:3000 PLACE: C:\Users\Youcode\Desktop\Nouveau dossier (3)\CareFlow\Utils\Logger.js
[2025:11:02 18:18:17] info: work on http://localhost:3000 PLACE: C:\Users\Youcode\Desktop\Nouveau dossier (3)\CareFlow\Utils\Logger.js
[2025:11:02 18:18:27] info: work on http://localhost:3000 PLACE: C:\Users\Youcode\Desktop\Nouveau dossier (3)\CareFlow\Utils\Logger.js
[2025:11:02 18:19:36] info: work on http://localhost:3000 PLACE: C:\Users\Youcode\Desktop\Nouveau dossier (3)\CareFlow\Utils\Logger.js
[2025:11:02 18:23:15] info: work on http://localhost:3000 PLACE: C:\Users\Youcode\Desktop\Nouveau dossier (3)\CareFlow\Utils\Logger.js
[2025:11:02 18:23:17] info: work on http://localhost:3000 PLACE: C:\Users\Youcode\Desktop\Nouveau dossier (3)\CareFlow\Utils\Logger.js
[2025:11:02 18:28:35] info: work on http://localhost:3000 PLACE: C:\Users\Youcode\Desktop\Nouveau dossier (3)\CareFlow\Utils\Logger.js
[2025:11:02 18:28:38] info: work on http://localhost:3000 PLACE: C:\Users\Youcode\Desktop\Nouveau dossier (3)\CareFlow\Utils\Logger.js
[2025:11:02 18:29:49] info: work on http://localhost:3000 PLACE: C:\Users\Youcode\Desktop\Nouveau dossier (3)\CareFlow\Utils\Logger.js
[2025:11:02 18:31:38] info: work on http://localhost:3000 PLACE: C:\Users\Youcode\Desktop\Nouveau dossier (3)\CareFlow\Utils\Logger.js
[2025:11:02 18:34:06] info: work on http://localhost:3000 PLACE: C:\Users\Youcode\Desktop\Nouveau dossier (3)\CareFlow\Utils\Logger.js
[2025:11:02 18:34:14] info: work on http://localhost:3000 PLACE: C:\Users\Youcode\Desktop\Nouveau dossier (3)\CareFlow\Utils\Logger.js
[2025:11:02 18:34:18] info: work on http://localhost:3000 PLACE: C:\Users\Youcode\Desktop\Nouveau dossier (3)\CareFlow\Utils\Logger.js
[2025:11:02 18:39:02] info: work on http://localhost:3000 PLACE: C:\Users\Youcode\Desktop\Nouveau dossier (3)\CareFlow\Utils\Logger.js
[2025:11:02 18:39:03] info: work on http://localhost:3000 PLACE: C:\Users\Youcode\Desktop\Nouveau dossier (3)\CareFlow\Utils\Logger.js
[2025:11:02 18:39:08] info: work on http://localhost:3000 PLACE: C:\Users\Youcode\Desktop\Nouveau dossier (3)\CareFlow\Utils\Logger.js
[2025:11:02 18:39:09] info: work on http://localhost:3000 PLACE: C:\Users\Youcode\Desktop\Nouveau dossier (3)\CareFlow\Utils\Logger.js
[2025:11:02 18:45:31] info: work on http://localhost:3000 PLACE: C:\Users\Youcode\Desktop\Nouveau dossier (3)\CareFlow\Utils\Logger.js
[2025:11:02 18:45:34] info: work on http://localhost:3000 PLACE: C:\Users\Youcode\Desktop\Nouveau dossier (3)\CareFlow\Utils\Logger.js
[2025:11:02 18:45:39] info: work on http://localhost:3000 PLACE: C:\Users\Youcode\Desktop\Nouveau dossier (3)\CareFlow\Utils\Logger.js
[2025:11:02 18:45:52] info: work on http://localhost:3000 PLACE: C:\Users\Youcode\Desktop\Nouveau dossier (3)\CareFlow\Utils\Logger.js
[2025:11:02 18:46:00] info: work on http://localhost:3000 PLACE: C:\Users\Youcode\Desktop\Nouveau dossier (3)\CareFlow\Utils\Logger.js
[2025:11:02 18:46:02] info: work on http://localhost:3000 PLACE: C:\Users\Youcode\Desktop\Nouveau dossier (3)\CareFlow\Utils\Logger.js
[2025:11:02 22:04:23] info: work on http://localhost:3000 PLACE: C:\Users\Youcode\Desktop\Nouveau dossier (3)\CareFlow\Utils\Logger.js
[2025:11:02 22:04:30] info: work on http://localhost:3000 PLACE: C:\Users\Youcode\Desktop\Nouveau dossier (3)\CareFlow\Utils\Logger.js
[2025:11:02 22:04:36] info: work on http://localhost:3000 PLACE: C:\Users\Youcode\Desktop\Nouveau dossier (3)\CareFlow\Utils\Logger.js
[2025:11:02 22:23:47] info: work on http://localhost:3000 PLACE: C:\Users\Youcode\Desktop\Nouveau dossier (3)\CareFlow\Utils\Logger.js
[2025:11:02 22:24:28] info: work on http://localhost:3000 PLACE: C:\Users\Youcode\Desktop\Nouveau dossier (3)\CareFlow\Utils\Logger.js
[2025:11:02 22:25:02] info: work on http://localhost:3000 PLACE: C:\Users\Youcode\Desktop\Nouveau dossier (3)\CareFlow\Utils\Logger.js
[2025:11:02 22:25:05] info: work on http://localhost:3000 PLACE: C:\Users\Youcode\Desktop\Nouveau dossier (3)\CareFlow\Utils\Logger.js
[2025:11:02 22:25:06] info: work on http://localhost:3000 PLACE: C:\Users\Youcode\Desktop\Nouveau dossier (3)\CareFlow\Utils\Logger.js
[2025:11:02 22:25:26] info: work on http://localhost:3000 PLACE: C:\Users\Youcode\Desktop\Nouveau dossier (3)\CareFlow\Utils\Logger.js
[2025:11:02 22:25:28] info: work on http://localhost:3000 PLACE: C:\Users\Youcode\Desktop\Nouveau dossier (3)\CareFlow\Utils\Logger.js
[2025:11:02 22:25:43] info: work on http://localhost:3000 PLACE: C:\Users\Youcode\Desktop\Nouveau dossier (3)\CareFlow\Utils\Logger.js
[2025:11:02 22:25:44] info: work on http://localhost:3000 PLACE: C:\Users\Youcode\Desktop\Nouveau dossier (3)\CareFlow\Utils\Logger.js
[2025:11:02 22:25:48] info: work on http://localhost:3000 PLACE: C:\Users\Youcode\Desktop\Nouveau dossier (3)\CareFlow\Utils\Logger.js
[2025:11:02 22:25:51] info: work on http://localhost:3000 PLACE: C:\Users\Youcode\Desktop\Nouveau dossier (3)\CareFlow\Utils\Logger.js
[2025:11:02 22:26:13] info: work on http://localhost:3000 PLACE: C:\Users\Youcode\Desktop\Nouveau dossier (3)\CareFlow\Utils\Logger.js
[2025:11:02 22:26:18] info: work on http://localhost:3000 PLACE: C:\Users\Youcode\Desktop\Nouveau dossier (3)\CareFlow\Utils\Logger.js
[2025:11:02 22:26:25] info: work on http://localhost:3000 PLACE: C:\Users\Youcode\Desktop\Nouveau dossier (3)\CareFlow\Utils\Logger.js
[2025:11:02 22:26:32] info: work on http://localhost:3000 PLACE: C:\Users\Youcode\Desktop\Nouveau dossier (3)\CareFlow\Utils\Logger.js
[2025:11:02 22:27:11] info: work on http://localhost:3000 PLACE: C:\Users\Youcode\Desktop\Nouveau dossier (3)\CareFlow\Utils\Logger.js
[2025:11:02 22:27:44] info: work on http://localhost:3000 PLACE: C:\Users\Youcode\Desktop\Nouveau dossier (3)\CareFlow\Utils\Logger.js
[2025:11:02 22:28:06] info: work on http://localhost:3000 PLACE: C:\Users\Youcode\Desktop\Nouveau dossier (3)\CareFlow\Utils\Logger.js
[2025:11:02 22:29:41] info: work on http://localhost:3000 PLACE: C:\Users\Youcode\Desktop\Nouveau dossier (3)\CareFlow\Utils\Logger.js
[2025:11:02 22:29:58] info: work on http://localhost:3000 PLACE: C:\Users\Youcode\Desktop\Nouveau dossier (3)\CareFlow\Utils\Logger.js
[2025:11:02 22:30:09] info: work on http://localhost:3000 PLACE: C:\Users\Youcode\Desktop\Nouveau dossier (3)\CareFlow\Utils\Logger.js
[2025:11:02 22:30:39] info: work on http://localhost:3000 PLACE: C:\Users\Youcode\Desktop\Nouveau dossier (3)\CareFlow\Utils\Logger.js
[2025:11:02 22:31:10] info: work on http://localhost:3000 PLACE: C:\Users\Youcode\Desktop\Nouveau dossier (3)\CareFlow\Utils\Logger.js
[2025:11:02 22:31:31] info: work on http://localhost:3000 PLACE: C:\Users\Youcode\Desktop\Nouveau dossier (3)\CareFlow\Utils\Logger.js
[2025:11:02 22:31:49] info: work on http://localhost:3000 PLACE: C:\Users\Youcode\Desktop\Nouveau dossier (3)\CareFlow\Utils\Logger.js
[2025:11:02 22:32:32] info: work on http://localhost:3000 PLACE: C:\Users\Youcode\Desktop\Nouveau dossier (3)\CareFlow\Utils\Logger.js
[2025:11:02 22:33:25] info: work on http://localhost:3000 PLACE: C:\Users\Youcode\Desktop\Nouveau dossier (3)\CareFlow\Utils\Logger.js
[2025:11:02 22:40:55] info: work on http://localhost:3000 PLACE: C:\Users\Youcode\Desktop\Nouveau dossier (3)\CareFlow\Utils\Logger.js
[2025:11:02 22:40:59] info: work on http://localhost:3000 PLACE: C:\Users\Youcode\Desktop\Nouveau dossier (3)\CareFlow\Utils\Logger.js
[2025:11:02 22:41:02] info: work on http://localhost:3000 PLACE: C:\Users\Youcode\Desktop\Nouveau dossier (3)\CareFlow\Utils\Logger.js
[2025:11:02 22:42:20] info: work on http://localhost:3000 PLACE: C:\Users\Youcode\Desktop\Nouveau dossier (3)\CareFlow\Utils\Logger.js
[2025:11:02 22:44:39] info: work on http://localhost:3000 PLACE: C:\Users\Youcode\Desktop\Nouveau dossier (3)\CareFlow\Utils\Logger.js
[2025:11:02 22:45:47] info: work on http://localhost:3000 PLACE: C:\Users\Youcode\Desktop\Nouveau dossier (3)\CareFlow\Utils\Logger.js
[2025:11:02 22:47:09] info: work on http://localhost:3000 PLACE: C:\Users\Youcode\Desktop\Nouveau dossier (3)\CareFlow\Utils\Logger.js
[2025:11:02 22:49:56] error: connect ECONNREFUSED 127.0.0.1:9000 PLACE: C:\Users\Youcode\Desktop\Nouveau dossier (3)\CareFlow\Utils\Logger.js
[2025:11:02 22:49:56] info: ::1 - - [02/Nov/2025:21:49:56 +0000] "POST /api/files?file HTTP/1.1" 500 73 "-" "PostmanRuntime/7.49.1" PLACE: C:\Users\Youcode\Desktop\Nouveau dossier (3)\CareFlow\Utils\Logger.js
[2025:11:02 22:51:07] info: work on http://localhost:3000 PLACE: C:\Users\Youcode\Desktop\Nouveau dossier (3)\CareFlow\Utils\Logger.js
[2025:11:02 22:51:21] info: work on http://localhost:3000 PLACE: C:\Users\Youcode\Desktop\Nouveau dossier (3)\CareFlow\Utils\Logger.js
[2025:11:02 22:59:00] info: work on http://localhost:3000 PLACE: C:\Users\Youcode\Desktop\Nouveau dossier (3)\CareFlow\Utils\Logger.js
[2025:11:02 23:00:19] info: work on http://localhost:3000 PLACE: C:\Users\Youcode\Desktop\Nouveau dossier (3)\CareFlow\Utils\Logger.js
[2025:11:02 23:01:00] info: ::1 - - [02/Nov/2025:22:01:00 +0000] "POST /api/files?file HTTP/1.1" 200 38 "-" "PostmanRuntime/7.49.1" PLACE: C:\Users\Youcode\Desktop\Nouveau dossier (3)\CareFlow\Utils\Logger.js
[2025:11:02 23:01:10] info: work on http://localhost:3000 PLACE: C:\Users\Youcode\Desktop\Nouveau dossier (3)\CareFlow\Utils\Logger.js
[2025:11:02 23:01:10] error: connect ECONNREFUSED 127.0.0.1:9000 PLACE: C:\Users\Youcode\Desktop\Nouveau dossier (3)\CareFlow\Utils\Logger.js
[2025:11:02 23:01:10] info: ::1 - - [02/Nov/2025:22:01:10 +0000] "POST /api/files?file HTTP/1.1" 500 73 "-" "PostmanRuntime/7.49.1" PLACE: C:\Users\Youcode\Desktop\Nouveau dossier (3)\CareFlow\Utils\Logger.js
[2025:11:02 23:29:53] error: The Access Key Id you provided does not exist in our records. PLACE: C:\Users\Youcode\Desktop\Nouveau dossier (3)\CareFlow\Utils\Logger.js
[2025:11:02 23:29:53] info: ::1 - - [02/Nov/2025:22:29:53 +0000] "POST /api/files?file HTTP/1.1" 500 99 "-" "PostmanRuntime/7.49.1" PLACE: C:\Users\Youcode\Desktop\Nouveau dossier (3)\CareFlow\Utils\Logger.js
[2025:11:10 13:42:05] info: work on http://localhost:3000 PLACE: C:\Users\Youcode\Desktop\Nouveau dossier (3)\CareFlow\Utils\Logger.js
[2025:11:10 13:44:32] info: work on http://localhost:3000 PLACE: C:\Users\Youcode\Desktop\Nouveau dossier (3)\CareFlow\Utils\Logger.js
[2025:11:10 13:44:37] info: work on http://localhost:3000 PLACE: C:\Users\Youcode\Desktop\Nouveau dossier (3)\CareFlow\Utils\Logger.js
[2025:11:10 13:53:24] info: work on http://localhost:3000 PLACE: C:\Users\Youcode\Desktop\Nouveau dossier (3)\CareFlow\Utils\Logger.js
[2025:11:10 14:04:30] info: work on http://localhost:3000 PLACE: C:\Users\Youcode\Desktop\Nouveau dossier (3)\CareFlow\Utils\Logger.js
[2025:11:10 14:07:33] info: work on http://localhost:3000 PLACE: C:\Users\Youcode\Desktop\Nouveau dossier (3)\CareFlow\Utils\Logger.js
[2025:11:10 14:16:06] info: work on http://localhost:3000 PLACE: C:\Users\Youcode\Desktop\Nouveau dossier (3)\CareFlow\Utils\Logger.js
[2025:11:10 14:16:09] info: ::1 - - [10/Nov/2025:13:16:09 +0000] "POST /api/users/register HTTP/1.1" 200 127 "-" "PostmanRuntime/7.50.0" PLACE: C:\Users\Youcode\Desktop\Nouveau dossier (3)\CareFlow\Utils\Logger.js
[2025:11:10 14:16:19] info: ::1 - - [10/Nov/2025:13:16:19 +0000] "POST /api/users/register HTTP/1.1" 200 43 "-" "PostmanRuntime/7.50.0" PLACE: C:\Users\Youcode\Desktop\Nouveau dossier (3)\CareFlow\Utils\Logger.js
[2025:11:10 14:16:50] info: ::1 - - [10/Nov/2025:13:16:50 +0000] "POST /api/users/login HTTP/1.1" 200 326 "-" "PostmanRuntime/7.50.0" PLACE: C:\Users\Youcode\Desktop\Nouveau dossier (3)\CareFlow\Utils\Logger.js
[2025:11:10 14:19:33] info: ::1 - - [10/Nov/2025:13:19:33 +0000] "POST /api/rendezvous HTTP/1.1" 200 38 "-" "PostmanRuntime/7.50.0" PLACE: C:\Users\Youcode\Desktop\Nouveau dossier (3)\CareFlow\Utils\Logger.js
[2025:11:10 14:21:19] info: ::1 - - [10/Nov/2025:13:21:19 +0000] "POST /api/rendezvous HTTP/1.1" 200 38 "-" "PostmanRuntime/7.50.0" PLACE: C:\Users\Youcode\Desktop\Nouveau dossier (3)\CareFlow\Utils\Logger.js
[2025:11:10 14:21:40] info: ::1 - - [10/Nov/2025:13:21:40 +0000] "POST /api/rendezvous HTTP/1.1" 200 38 "-" "PostmanRuntime/7.50.0" PLACE: C:\Users\Youcode\Desktop\Nouveau dossier (3)\CareFlow\Utils\Logger.js
[2025:11:10 14:21:41] info: ::1 - - [10/Nov/2025:13:21:41 +0000] "POST /api/rendezvous HTTP/1.1" 200 38 "-" "PostmanRuntime/7.50.0" PLACE: C:\Users\Youcode\Desktop\Nouveau dossier (3)\CareFlow\Utils\Logger.js
[2025:11:10 14:23:12] info: ::1 - - [10/Nov/2025:13:23:12 +0000] "POST /api/rendezvous HTTP/1.1" 200 68 "-" "PostmanRuntime/7.50.0" PLACE: C:\Users\Youcode\Desktop\Nouveau dossier (3)\CareFlow\Utils\Logger.js
[2025:11:10 14:23:36] info: work on http://localhost:3000 PLACE: C:\Users\Youcode\Desktop\Nouveau dossier (3)\CareFlow\Utils\Logger.js
[2025:11:10 14:23:40] info: ::1 - - [10/Nov/2025:13:23:40 +0000] "POST /api/rendezvous HTTP/1.1" 200 68 "-" "PostmanRuntime/7.50.0" PLACE: C:\Users\Youcode\Desktop\Nouveau dossier (3)\CareFlow\Utils\Logger.js
[2025:11:10 14:25:08] info: work on http://localhost:3000 PLACE: C:\Users\Youcode\Desktop\Nouveau dossier (3)\CareFlow\Utils\Logger.js
[2025:11:10 14:25:10] info: work on http://localhost:3000 PLACE: C:\Users\Youcode\Desktop\Nouveau dossier (3)\CareFlow\Utils\Logger.js
[2025:11:10 14:25:15] info: work on http://localhost:3000 PLACE: C:\Users\Youcode\Desktop\Nouveau dossier (3)\CareFlow\Utils\Logger.js
[2025:11:10 14:25:17] info: work on http://localhost:3000 PLACE: C:\Users\Youcode\Desktop\Nouveau dossier (3)\CareFlow\Utils\Logger.js
[2025:11:10 14:25:22] info: work on http://localhost:3000 PLACE: C:\Users\Youcode\Desktop\Nouveau dossier (3)\CareFlow\Utils\Logger.js
[2025:11:10 14:25:24] info: work on http://localhost:3000 PLACE: C:\Users\Youcode\Desktop\Nouveau dossier (3)\CareFlow\Utils\Logger.js
[2025:11:10 14:25:29] info: ::1 - - [10/Nov/2025:13:25:29 +0000] "POST /api/rendezvous HTTP/1.1" 200 68 "-" "PostmanRuntime/7.50.0" PLACE: C:\Users\Youcode\Desktop\Nouveau dossier (3)\CareFlow\Utils\Logger.js
[2025:11:10 14:26:41] info: work on http://localhost:3000 PLACE: C:\Users\Youcode\Desktop\Nouveau dossier (3)\CareFlow\Utils\Logger.js
[2025:11:10 14:26:45] info: work on http://localhost:3000 PLACE: C:\Users\Youcode\Desktop\Nouveau dossier (3)\CareFlow\Utils\Logger.js
[2025:11:10 14:26:51] info: work on http://localhost:3000 PLACE: C:\Users\Youcode\Desktop\Nouveau dossier (3)\CareFlow\Utils\Logger.js
[2025:11:10 14:26:53] info: work on http://localhost:3000 PLACE: C:\Users\Youcode\Desktop\Nouveau dossier (3)\CareFlow\Utils\Logger.js
[2025:11:10 14:26:58] info: work on http://localhost:3000 PLACE: C:\Users\Youcode\Desktop\Nouveau dossier (3)\CareFlow\Utils\Logger.js
[2025:11:10 14:26:59] info: work on http://localhost:3000 PLACE: C:\Users\Youcode\Desktop\Nouveau dossier (3)\CareFlow\Utils\Logger.js
[2025:11:10 14:27:01] info: work on http://localhost:3000 PLACE: C:\Users\Youcode\Desktop\Nouveau dossier (3)\CareFlow\Utils\Logger.js
[2025:11:10 14:27:03] info: work on http://localhost:3000 PLACE: C:\Users\Youcode\Desktop\Nouveau dossier (3)\CareFlow\Utils\Logger.js
[2025:11:10 14:27:08] info: work on http://localhost:3000 PLACE: C:\Users\Youcode\Desktop\Nouveau dossier (3)\CareFlow\Utils\Logger.js
[2025:11:10 14:27:10] info: ::1 - - [10/Nov/2025:13:27:10 +0000] "POST /api/rendezvous HTTP/1.1" 200 27 "-" "PostmanRuntime/7.50.0" PLACE: C:\Users\Youcode\Desktop\Nouveau dossier (3)\CareFlow\Utils\Logger.js
[2025:11:10 14:27:25] info: ::1 - - [10/Nov/2025:13:27:25 +0000] "POST /api/users/login HTTP/1.1" 200 326 "-" "PostmanRuntime/7.50.0" PLACE: C:\Users\Youcode\Desktop\Nouveau dossier (3)\CareFlow\Utils\Logger.js
[2025:11:10 14:28:05] info: ::1 - - [10/Nov/2025:13:28:05 +0000] "POST /api/rendezvous HTTP/1.1" 200 68 "-" "PostmanRuntime/7.50.0" PLACE: C:\Users\Youcode\Desktop\Nouveau dossier (3)\CareFlow\Utils\Logger.js
[2025:11:10 14:29:13] info: work on http://localhost:3000 PLACE: C:\Users\Youcode\Desktop\Nouveau dossier (3)\CareFlow\Utils\Logger.js
[2025:11:10 14:29:33] info: ::1 - - [10/Nov/2025:13:29:33 +0000] "POST /api/users/register HTTP/1.1" 200 43 "-" "PostmanRuntime/7.50.0" PLACE: C:\Users\Youcode\Desktop\Nouveau dossier (3)\CareFlow\Utils\Logger.js
[2025:11:10 14:29:49] info: ::1 - - [10/Nov/2025:13:29:49 +0000] "POST /api/users/login HTTP/1.1" 200 326 "-" "PostmanRuntime/7.50.0" PLACE: C:\Users\Youcode\Desktop\Nouveau dossier (3)\CareFlow\Utils\Logger.js
[2025:11:10 14:30:24] info: ::1 - - [10/Nov/2025:13:30:24 +0000] "POST /api/rendezvous HTTP/1.1" 200 110 "-" "PostmanRuntime/7.50.0" PLACE: C:\Users\Youcode\Desktop\Nouveau dossier (3)\CareFlow\Utils\Logger.js
[2025:11:10 14:30:43] info: ::1 - - [10/Nov/2025:13:30:43 +0000] "POST /api/rendezvous HTTP/1.1" 200 68 "-" "PostmanRuntime/7.50.0" PLACE: C:\Users\Youcode\Desktop\Nouveau dossier (3)\CareFlow\Utils\Logger.js
[2025:11:10 14:35:02] info: work on http://localhost:3000 PLACE: C:\Users\Youcode\Desktop\Nouveau dossier (3)\CareFlow\Utils\Logger.js
[2025:11:10 14:35:05] info: work on http://localhost:3000 PLACE: C:\Users\Youcode\Desktop\Nouveau dossier (3)\CareFlow\Utils\Logger.js
[2025:11:10 14:35:10] info: ::1 - - [10/Nov/2025:13:35:10 +0000] "POST /api/rendezvous HTTP/1.1" 200 68 "-" "PostmanRuntime/7.50.0" PLACE: C:\Users\Youcode\Desktop\Nouveau dossier (3)\CareFlow\Utils\Logger.js
[2025:11:10 14:35:11] info: ::1 - - [10/Nov/2025:13:35:11 +0000] "POST /api/rendezvous HTTP/1.1" 200 68 "-" "PostmanRuntime/7.50.0" PLACE: C:\Users\Youcode\Desktop\Nouveau dossier (3)\CareFlow\Utils\Logger.js
[2025:11:10 14:35:34] info: work on http://localhost:3000 PLACE: C:\Users\Youcode\Desktop\Nouveau dossier (3)\CareFlow\Utils\Logger.js
[2025:11:10 14:35:36] info: work on http://localhost:3000 PLACE: C:\Users\Youcode\Desktop\Nouveau dossier (3)\CareFlow\Utils\Logger.js
[2025:11:10 14:36:01] info: ::1 - - [10/Nov/2025:13:36:01 +0000] "POST /api/rendezvous HTTP/1.1" 200 68 "-" "PostmanRuntime/7.50.0" PLACE: C:\Users\Youcode\Desktop\Nouveau dossier (3)\CareFlow\Utils\Logger.js
[2025:11:10 14:38:24] info: ::1 - - [10/Nov/2025:13:38:24 +0000] "POST /api/rendezvous HTTP/1.1" 200 56 "-" "PostmanRuntime/7.50.0" PLACE: C:\Users\Youcode\Desktop\Nouveau dossier (3)\CareFlow\Utils\Logger.js
[2025:11:10 14:39:20] info: ::1 - - [10/Nov/2025:13:39:20 +0000] "POST /api/rendezvous HTTP/1.1" 200 168 "-" "PostmanRuntime/7.50.0" PLACE: C:\Users\Youcode\Desktop\Nouveau dossier (3)\CareFlow\Utils\Logger.js
[2025:11:10 14:41:30] info: work on http://localhost:3000 PLACE: C:\Users\Youcode\Desktop\Nouveau dossier (3)\CareFlow\Utils\Logger.js
[2025:11:10 14:42:08] info: ::1 - - [10/Nov/2025:13:42:08 +0000] "PUT /api/users/68f62b26fdc8d5ea2ed59a78 HTTP/1.1" 200 38 "-" "PostmanRuntime/7.50.0" PLACE: C:\Users\Youcode\Desktop\Nouveau dossier (3)\CareFlow\Utils\Logger.js
[2025:11:10 14:51:40] info: ::1 - - [10/Nov/2025:13:51:40 +0000] "PUT /api/users/68f62b55f7a596dd7d049c18 HTTP/1.1" 200 27 "-" "PostmanRuntime/7.50.0" PLACE: C:\Users\Youcode\Desktop\Nouveau dossier (3)\CareFlow\Utils\Logger.js
[2025:11:10 14:51:54] info: ::1 - - [10/Nov/2025:13:51:54 +0000] "POST /api/users/refresh HTTP/1.1" 200 283 "-" "PostmanRuntime/7.50.0" PLACE: C:\Users\Youcode\Desktop\Nouveau dossier (3)\CareFlow\Utils\Logger.js
[2025:11:10 14:52:13] info: ::1 - - [10/Nov/2025:13:52:13 +0000] "PUT /api/users/68f62b55f7a596dd7d049c18 HTTP/1.1" 200 38 "-" "PostmanRuntime/7.50.0" PLACE: C:\Users\Youcode\Desktop\Nouveau dossier (3)\CareFlow\Utils\Logger.js
[2025:11:10 16:19:07] info: ::1 - - [10/Nov/2025:15:19:07 +0000] "POST /api/users/register HTTP/1.1" 200 150 "-" "PostmanRuntime/7.50.0" PLACE: C:\Users\Youcode\Desktop\Nouveau dossier (3)\CareFlow\Utils\Logger.js
[2025:11:10 16:19:33] info: ::1 - - [10/Nov/2025:15:19:33 +0000] "POST /api/users/register HTTP/1.1" 200 43 "-" "PostmanRuntime/7.50.0" PLACE: C:\Users\Youcode\Desktop\Nouveau dossier (3)\CareFlow\Utils\Logger.js
[2025:11:10 16:20:57] info: work on http://localhost:3000 PLACE: C:\Users\Youcode\Desktop\Nouveau dossier (3)\CareFlow\Utils\Logger.js
[2025:11:10 16:21:00] info: work on http://localhost:3000 PLACE: C:\Users\Youcode\Desktop\Nouveau dossier (3)\CareFlow\Utils\Logger.js
[2025:11:10 16:21:03] info: work on http://localhost:3000 PLACE: C:\Users\Youcode\Desktop\Nouveau dossier (3)\CareFlow\Utils\Logger.js
[2025:11:10 16:21:11] info: work on http://localhost:3000 PLACE: C:\Users\Youcode\Desktop\Nouveau dossier (3)\CareFlow\Utils\Logger.js
[2025:11:10 16:21:13] info: work on http://localhost:3000 PLACE: C:\Users\Youcode\Desktop\Nouveau dossier (3)\CareFlow\Utils\Logger.js
[2025:11:10 16:21:20] info: work on http://localhost:3000 PLACE: C:\Users\Youcode\Desktop\Nouveau dossier (3)\CareFlow\Utils\Logger.js
[2025:11:10 16:21:23] info: work on http://localhost:3000 PLACE: C:\Users\Youcode\Desktop\Nouveau dossier (3)\CareFlow\Utils\Logger.js
[2025:11:10 16:21:28] info: work on http://localhost:3000 PLACE: C:\Users\Youcode\Desktop\Nouveau dossier (3)\CareFlow\Utils\Logger.js
[2025:11:10 16:21:45] info: work on http://localhost:3000 PLACE: C:\Users\Youcode\Desktop\Nouveau dossier (3)\CareFlow\Utils\Logger.js
[2025:11:10 16:21:49] info: work on http://localhost:3000 PLACE: C:\Users\Youcode\Desktop\Nouveau dossier (3)\CareFlow\Utils\Logger.js
[2025:11:10 16:21:50] info: work on http://localhost:3000 PLACE: C:\Users\Youcode\Desktop\Nouveau dossier (3)\CareFlow\Utils\Logger.js
[2025:11:10 16:22:01] info: work on http://localhost:3000 PLACE: C:\Users\Youcode\Desktop\Nouveau dossier (3)\CareFlow\Utils\Logger.js
[2025:11:10 16:22:16] info: work on http://localhost:3000 PLACE: C:\Users\Youcode\Desktop\Nouveau dossier (3)\CareFlow\Utils\Logger.js
[2025:11:10 16:22:20] info: work on http://localhost:3000 PLACE: C:\Users\Youcode\Desktop\Nouveau dossier (3)\CareFlow\Utils\Logger.js
[2025:11:10 16:22:21] info: work on http://localhost:3000 PLACE: C:\Users\Youcode\Desktop\Nouveau dossier (3)\CareFlow\Utils\Logger.js
[2025:11:10 16:22:23] info: work on http://localhost:3000 PLACE: C:\Users\Youcode\Desktop\Nouveau dossier (3)\CareFlow\Utils\Logger.js
[2025:11:10 16:22:30] info: work on http://localhost:3000 PLACE: C:\Users\Youcode\Desktop\Nouveau dossier (3)\CareFlow\Utils\Logger.js
[2025:11:10 16:22:34] info: work on http://localhost:3000 PLACE: C:\Users\Youcode\Desktop\Nouveau dossier (3)\CareFlow\Utils\Logger.js
[2025:11:10 16:22:38] info: work on http://localhost:3000 PLACE: C:\Users\Youcode\Desktop\Nouveau dossier (3)\CareFlow\Utils\Logger.js
[2025:11:10 16:22:40] info: work on http://localhost:3000 PLACE: C:\Users\Youcode\Desktop\Nouveau dossier (3)\CareFlow\Utils\Logger.js
[2025:11:10 16:22:52] info: work on http://localhost:3000 PLACE: C:\Users\Youcode\Desktop\Nouveau dossier (3)\CareFlow\Utils\Logger.js
[2025:11:10 16:22:56] info: work on http://localhost:3000 PLACE: C:\Users\Youcode\Desktop\Nouveau dossier (3)\CareFlow\Utils\Logger.js
[2025:11:10 16:23:01] info: work on http://localhost:3000 PLACE: C:\Users\Youcode\Desktop\Nouveau dossier (3)\CareFlow\Utils\Logger.js
[2025:11:10 16:23:08] info: work on http://localhost:3000 PLACE: C:\Users\Youcode\Desktop\Nouveau dossier (3)\CareFlow\Utils\Logger.js
[2025:11:10 16:23:25] info: work on http://localhost:3000 PLACE: C:\Users\Youcode\Desktop\Nouveau dossier (3)\CareFlow\Utils\Logger.js
[2025:11:10 16:23:38] info: work on http://localhost:3000 PLACE: C:\Users\Youcode\Desktop\Nouveau dossier (3)\CareFlow\Utils\Logger.js
[2025:11:10 16:23:40] info: work on http://localhost:3000 PLACE: C:\Users\Youcode\Desktop\Nouveau dossier (3)\CareFlow\Utils\Logger.js
[2025:11:10 16:23:47] info: work on http://localhost:3000 PLACE: C:\Users\Youcode\Desktop\Nouveau dossier (3)\CareFlow\Utils\Logger.js
[2025:11:10 16:25:13] info: work on http://localhost:3000 PLACE: C:\Users\Youcode\Desktop\Nouveau dossier (3)\CareFlow\Utils\Logger.js
[2025:11:10 16:25:15] info: work on http://localhost:3000 PLACE: C:\Users\Youcode\Desktop\Nouveau dossier (3)\CareFlow\Utils\Logger.js
[2025:11:10 16:25:24] info: work on http://localhost:3000 PLACE: C:\Users\Youcode\Desktop\Nouveau dossier (3)\CareFlow\Utils\Logger.js
[2025:11:10 16:26:29] info: work on http://localhost:3000 PLACE: C:\Users\Youcode\Desktop\Nouveau dossier (3)\CareFlow\Utils\Logger.js
[2025:11:10 16:26:32] info: work on http://localhost:3000 PLACE: C:\Users\Youcode\Desktop\Nouveau dossier (3)\CareFlow\Utils\Logger.js
[2025:11:10 16:26:53] info: work on http://localhost:3000 PLACE: C:\Users\Youcode\Desktop\Nouveau dossier (3)\CareFlow\Utils\Logger.js
[2025:11:10 16:26:59] info: work on http://localhost:3000 PLACE: C:\Users\Youcode\Desktop\Nouveau dossier (3)\CareFlow\Utils\Logger.js
[2025:11:10 16:27:01] info: work on http://localhost:3000 PLACE: C:\Users\Youcode\Desktop\Nouveau dossier (3)\CareFlow\Utils\Logger.js
[2025:11:10 16:27:26] info: work on http://localhost:3000 PLACE: C:\Users\Youcode\Desktop\Nouveau dossier (3)\CareFlow\Utils\Logger.js
[2025:11:10 16:27:53] info: work on http://localhost:3000 PLACE: C:\Users\Youcode\Desktop\Nouveau dossier (3)\CareFlow\Utils\Logger.js
[2025:11:10 16:27:56] info: work on http://localhost:3000 PLACE: C:\Users\Youcode\Desktop\Nouveau dossier (3)\CareFlow\Utils\Logger.js
[2025:11:10 16:28:00] info: work on http://localhost:3000 PLACE: C:\Users\Youcode\Desktop\Nouveau dossier (3)\CareFlow\Utils\Logger.js
[2025:11:10 16:28:04] info: work on http://localhost:3000 PLACE: C:\Users\Youcode\Desktop\Nouveau dossier (3)\CareFlow\Utils\Logger.js
[2025:11:10 16:28:16] info: work on http://localhost:3000 PLACE: C:\Users\Youcode\Desktop\Nouveau dossier (3)\CareFlow\Utils\Logger.js
[2025:11:10 16:28:27] info: work on http://localhost:3000 PLACE: C:\Users\Youcode\Desktop\Nouveau dossier (3)\CareFlow\Utils\Logger.js
[2025:11:10 16:28:42] info: work on http://localhost:3000 PLACE: C:\Users\Youcode\Desktop\Nouveau dossier (3)\CareFlow\Utils\Logger.js
[2025:11:10 16:28:44] info: work on http://localhost:3000 PLACE: C:\Users\Youcode\Desktop\Nouveau dossier (3)\CareFlow\Utils\Logger.js
[2025:11:10 16:28:50] info: work on http://localhost:3000 PLACE: C:\Users\Youcode\Desktop\Nouveau dossier (3)\CareFlow\Utils\Logger.js
[2025:11:10 16:29:19] info: work on http://localhost:3000 PLACE: C:\Users\Youcode\Desktop\Nouveau dossier (3)\CareFlow\Utils\Logger.js
[2025:11:10 16:53:11] info: work on http://localhost:3000 PLACE: C:\Users\Youcode\Desktop\Nouveau dossier (3)\CareFlow\Utils\Logger.js
[2025:11:10 16:53:18] info: work on http://localhost:3000 PLACE: C:\Users\Youcode\Desktop\Nouveau dossier (3)\CareFlow\Utils\Logger.js
[2025:11:10 18:10:44] info: work on http://localhost:3000 PLACE: C:\Users\Youcode\Desktop\Nouveau dossier (3)\CareFlow\Utils\Logger.js
[2025:11:10 18:11:51] info: work on http://localhost:3000 PLACE: C:\Users\Youcode\Desktop\Nouveau dossier (3)\CareFlow\Utils\Logger.js
[2025:11:10 18:11:57] info: work on http://localhost:3000 PLACE: C:\Users\Youcode\Desktop\Nouveau dossier (3)\CareFlow\Utils\Logger.js
[2025:11:10 18:12:10] info: work on http://localhost:3000 PLACE: C:\Users\Youcode\Desktop\Nouveau dossier (3)\CareFlow\Utils\Logger.js
[2025:11:10 18:12:15] info: work on http://localhost:3000 PLACE: C:\Users\Youcode\Desktop\Nouveau dossier (3)\CareFlow\Utils\Logger.js
[2025:11:10 18:12:20] info: work on http://localhost:3000 PLACE: C:\Users\Youcode\Desktop\Nouveau dossier (3)\CareFlow\Utils\Logger.js
[2025:11:10 18:12:22] info: work on http://localhost:3000 PLACE: C:\Users\Youcode\Desktop\Nouveau dossier (3)\CareFlow\Utils\Logger.js
[2025:11:10 18:14:32] info: work on http://localhost:3000 PLACE: C:\Users\Youcode\Desktop\Nouveau dossier (3)\CareFlow\Utils\Logger.js
[2025:11:10 18:14:38] info: work on http://localhost:3000 PLACE: C:\Users\Youcode\Desktop\Nouveau dossier (3)\CareFlow\Utils\Logger.js
[2025:11:10 18:15:31] info: work on http://localhost:3000 PLACE: C:\Users\Youcode\Desktop\Nouveau dossier (3)\CareFlow\Utils\Logger.js
[2025:11:10 18:15:52] info: work on http://localhost:3000 PLACE: C:\Users\Youcode\Desktop\Nouveau dossier (3)\CareFlow\Utils\Logger.js
[2025:11:10 18:15:56] info: work on http://localhost:3000 PLACE: C:\Users\Youcode\Desktop\Nouveau dossier (3)\CareFlow\Utils\Logger.js
[2025:11:10 18:16:18] info: work on http://localhost:3000 PLACE: C:\Users\Youcode\Desktop\Nouveau dossier (3)\CareFlow\Utils\Logger.js
[2025:11:10 18:16:34] info: work on http://localhost:3000 PLACE: C:\Users\Youcode\Desktop\Nouveau dossier (3)\CareFlow\Utils\Logger.js
[2025:11:10 18:16:47] info: work on http://localhost:3000 PLACE: C:\Users\Youcode\Desktop\Nouveau dossier (3)\CareFlow\Utils\Logger.js
[2025:11:10 18:16:51] info: work on http://localhost:3000 PLACE: C:\Users\Youcode\Desktop\Nouveau dossier (3)\CareFlow\Utils\Logger.js
[2025:11:10 18:18:22] info: work on http://localhost:3000 PLACE: C:\Users\Youcode\Desktop\Nouveau dossier (3)\CareFlow\Utils\Logger.js
[2025:11:10 18:18:49] info: work on http://localhost:3000 PLACE: C:\Users\Youcode\Desktop\Nouveau dossier (3)\CareFlow\Utils\Logger.js
[2025:11:10 18:22:04] info: work on http://localhost:3000 PLACE: C:\Users\Youcode\Desktop\Nouveau dossier (3)\CareFlow\Utils\Logger.js
[2025:11:10 18:22:14] info: work on http://localhost:3000 PLACE: C:\Users\Youcode\Desktop\Nouveau dossier (3)\CareFlow\Utils\Logger.js
[2025:11:10 18:22:25] info: work on http://localhost:3000 PLACE: C:\Users\Youcode\Desktop\Nouveau dossier (3)\CareFlow\Utils\Logger.js
[2025:11:10 18:22:45] info: work on http://localhost:3000 PLACE: C:\Users\Youcode\Desktop\Nouveau dossier (3)\CareFlow\Utils\Logger.js
[2025:11:10 18:22:53] info: work on http://localhost:3000 PLACE: C:\Users\Youcode\Desktop\Nouveau dossier (3)\CareFlow\Utils\Logger.js
[2025:11:10 18:22:57] info: ::1 - - [10/Nov/2025:17:22:57 +0000] "POST /api/users/register HTTP/1.1" 200 125 "-" "PostmanRuntime/7.50.0" PLACE: C:\Users\Youcode\Desktop\Nouveau dossier (3)\CareFlow\Utils\Logger.js
[2025:11:10 18:23:24] info: ::1 - - [10/Nov/2025:17:23:24 +0000] "POST /api/users/register HTTP/1.1" 200 454 "-" "PostmanRuntime/7.50.0" PLACE: C:\Users\Youcode\Desktop\Nouveau dossier (3)\CareFlow\Utils\Logger.js
[2025:11:10 18:23:50] info: work on http://localhost:3000 PLACE: C:\Users\Youcode\Desktop\Nouveau dossier (3)\CareFlow\Utils\Logger.js
[2025:11:10 18:23:56] info: work on http://localhost:3000 PLACE: C:\Users\Youcode\Desktop\Nouveau dossier (3)\CareFlow\Utils\Logger.js
[2025:11:10 18:24:00] info: work on http://localhost:3000 PLACE: C:\Users\Youcode\Desktop\Nouveau dossier (3)\CareFlow\Utils\Logger.js
[2025:11:10 18:24:07] info: work on http://localhost:3000 PLACE: C:\Users\Youcode\Desktop\Nouveau dossier (3)\CareFlow\Utils\Logger.js
[2025:11:10 18:24:12] info: work on http://localhost:3000 PLACE: C:\Users\Youcode\Desktop\Nouveau dossier (3)\CareFlow\Utils\Logger.js
[2025:11:10 18:24:16] info: work on http://localhost:3000 PLACE: C:\Users\Youcode\Desktop\Nouveau dossier (3)\CareFlow\Utils\Logger.js
[2025:11:10 18:24:23] info: work on http://localhost:3000 PLACE: C:\Users\Youcode\Desktop\Nouveau dossier (3)\CareFlow\Utils\Logger.js
[2025:11:10 18:24:30] info: work on http://localhost:3000 PLACE: C:\Users\Youcode\Desktop\Nouveau dossier (3)\CareFlow\Utils\Logger.js
[2025:11:10 18:24:35] info: work on http://localhost:3000 PLACE: C:\Users\Youcode\Desktop\Nouveau dossier (3)\CareFlow\Utils\Logger.js
[2025:11:10 18:24:54] info: work on http://localhost:3000 PLACE: C:\Users\Youcode\Desktop\Nouveau dossier (3)\CareFlow\Utils\Logger.js
[2025:11:10 18:24:56] info: work on http://localhost:3000 PLACE: C:\Users\Youcode\Desktop\Nouveau dossier (3)\CareFlow\Utils\Logger.js
[2025:11:10 18:25:00] info: work on http://localhost:3000 PLACE: C:\Users\Youcode\Desktop\Nouveau dossier (3)\CareFlow\Utils\Logger.js
[2025:11:10 18:25:05] info: work on http://localhost:3000 PLACE: C:\Users\Youcode\Desktop\Nouveau dossier (3)\CareFlow\Utils\Logger.js
[2025:11:10 18:25:10] info: work on http://localhost:3000 PLACE: C:\Users\Youcode\Desktop\Nouveau dossier (3)\CareFlow\Utils\Logger.js
[2025:11:10 18:25:17] info: work on http://localhost:3000 PLACE: C:\Users\Youcode\Desktop\Nouveau dossier (3)\CareFlow\Utils\Logger.js
[2025:11:10 18:25:22] info: work on http://localhost:3000 PLACE: C:\Users\Youcode\Desktop\Nouveau dossier (3)\CareFlow\Utils\Logger.js
[2025:11:10 18:25:24] info: work on http://localhost:3000 PLACE: C:\Users\Youcode\Desktop\Nouveau dossier (3)\CareFlow\Utils\Logger.js
